grund,tvätt
riksdagsledamot,riksdagsledamot
pensionär,pensionär
stockholm,stockholm
egenföretagare,egenföretagare
undersköterska,undersköterska
lärare,lärare
kommunalråd,kommunalråd
företagare,egenföretagare
studerande,studerande
örebro,örebro
civilingenjör,civilingenjör
politisk sekreterare,politisk tjänsteman
kalmar,kalmar
sjuksköterska,sjuksköterska
uppsala,uppsala
civilekonom,civilekonom
projektledare,projektledare
jurist,jurist
student,studerande
linköping,linköping
södermalm,södermalm
malmö,malmö
socionom,socionom
göteborg,göteborg
norrköping,norrköping
botkyrka,botkyrka
ekonom,ekonom
helsingborg,helsingborg
solna,solna
sundbyberg,sundbyberg
kungsholmen,kungsholmen
lund,lund
södertälje,södertälje
västerås,västerås
nacka,nacka
täby,täby
bromma,bromma
gymnasielärare,lärare
läkare,läkare
huddinge,huddinge
ingenjör,ingenjör
oppositionsråd,oppositionsråd
egen företagare,egenföretagare
halmstad,halmstad
oskarshamn,oskarshamn
konsult,konsult
umeå,umeå
ombudsman,fackombudsman
västervik,västervik
lidingö,lidingö
upplands väsby,upplands väsby
gruppledare,chef
skövde,skövde
norrmalm,norrmalm
järfälla,järfälla
sollentuna,sollentuna
kristianstad,kristianstad
administratör,administratör
leg. sjuksköterska,sjuksköterska
jönköping,jönköping
mölndal,mölndal
norrtälje,norrtälje
motala,motala
kommunikatör,kommunikationsrådgivare
varberg,varberg
falkenberg,falkenberg
danderyd,danderyd
entreprenör,entreprenör
kungsbacka,kungsbacka
hässelby,hässelby
hägersten,hägersten
lantbrukare,bonde
haninge,haninge
östermalm,östermalm
säljare,säljare
landstingsråd,landstingsråd
journalist,journalist
hässleholm,hässleholm
falun,falun
regionråd,regionråd
borås,borås
ekerö,ekerö
skellefteå,skellefteå
lerum,lerum
trollhättan,trollhättan
tyresö,tyresö
nynäshamn,nynäshamn
statsvetare,statsvetare
värmdö,värmdö
gävle,gävle
tjänsteman,tjänsteman
vimmerby,vimmerby
växjö,växjö
kumla,kumla
farsta,farsta
alingsås,alingsås
sundsvall,sundsvall
förskollärare,förskolelärare
trelleborg,trelleborg
österåker,österåker
nybro,nybro
bromölla,bromölla
enhetschef,chef
vallentuna,vallentuna
landskrona,landskrona
polis,polis
borlänge,borlänge
uddevalla,uddevalla
älvsjö,älvsjö
ystad,ystad
falköping,falköping
handläggare,handläggare
karlskrona,karlskrona
mörbylånga,mörbylånga
vd,vd
bagarmossen,bagarmossen
hammarbyhöjden,hammarbyhöjden
vällingby,vällingby
karlskoga,karlskoga
årsta,årsta
juriststudent,studerande
förbundssekreterare,förbundssekreterare
kävlinge,kävlinge
eskilstuna,eskilstuna
mönsterås,mönsterås
skarpnäck,skarpnäck
enköping,enköping
vänersborg,vänersborg
finspång,finspång
senior,senior
rektor,rektor
vaxholm,vaxholm
bandhagen,bandhagen
lidköping,lidköping
munkedal,munkedal
östersund,östersund
laholm,laholm
karlstad,karlstad
kanslichef,kansliansvarig
höör,höör
personlig assistent,personlig assistent
ödeshög,ödeshög
söderköping,söderköping
byggnadsarbetare,byggarbetare
verksamhetschef,chef
tibro,tibro
lindesberg,lindesberg
borgholm,borgholm
barnskötare,barnskötare
industriarbetare,arbetare
mjölby,mjölby
knivsta,knivsta
doktorand,doktorand
statstjänsteman,statstjänsteman
spånga,spånga
eslöv,eslöv
upplands-bro,upplands-bro
verksamhetsutvecklare,verksamhetsutvecklare
ängelholm,ängelholm
hallsberg,hallsberg
chaufför,chaufför
it-konsult,it-konsult
distriktssköterska,sjuksköterska
politiskt sakkunnig,politisk tjänsteman
fritidspedagog,fritidsledare
sölvesborg,sölvesborg
simrishamn,simrishamn
örkelljunga,örkelljunga
arbetsförmedlare,arbetsförmedlare
salem,salem
valdemarsvik,valdemarsvik
nora,nora
värnamo,värnamo
enskede,enskede
norsborg,norsborg
bollebygd,bollebygd
kungälv,kungälv
nationalekonom,ekonom
staffanstorp,staffanstorp
vadstena,vadstena
politiker,politiker
söderhamn,söderhamn
sigtuna,sigtuna
partiledare,partiledare
skara,skara
mullsjö,mullsjö
ekonomichef,chef
banktjänsteman,bankir
specialistsjuksköterska,sjuksköterska
avdelningschef,chef
gruppchef,chef
emmaboda,emmaboda
gnosjö,gnosjö
psykolog,psykolog
metallarbetare,arbetare
författare,författare
utredare,utredare
kock,kock
barnmorska,barnmorska
eksjö,eksjö
advokat,advokat
sunne,sunne
skinnskatteberg,skinnskatteberg
lycksele,lycksele
öckerö,öckerö
kinda,kinda
ronneby,ronneby
grundskollärare,lärare
partille,partille
ludvika,ludvika
samhällsvetare,samhällsvetare
håbo,håbo
regionchef apotek,regionchef apotek
barnläkare,läkare
kost och näringsekonom,kost och näringsekonom
perstorp,perstorp
strömstad,strömstad
byggnadsingenjör,ingenjör
sala,sala
agronom,agronom
folkhälsovetare,folkhälsovetare
örnsköldsvik,örnsköldsvik
miljökonsult,miljökonsult
sjöbo,sjöbo
it-tekniker,it-tekniker
kramfors,kramfors
mariestad,mariestad
tidaholm,tidaholm
härnösand,härnösand
degerfors,degerfors
kommunpolitiker,kommunpolitiker
högsby,högsby
ambulanssjuksköterska,ambulanssjukvårdare
sköndal,sköndal
pedagog,pedagog
behandlingsassistent,behandlare
märsta,märsta
strängnäs,strängnäs
organisationsutvecklare,organisationsutvecklare
färjestaden,färjestaden
specialpedagog,specialpedagog
orust,orust
hultsfred,hultsfred
socialarbetare,socialarbetare
liljeholmen,liljeholmen
lysekil,lysekil
skärholmen,skärholmen
universitetslektor,universitetslektor
luleå,luleå
ulricehamn,ulricehamn
virserum,virserum
mellerud,mellerud
ånge,ånge
stenungsund,stenungsund
socialsekreterare,socialsekreterare
åtvidaberg,åtvidaberg
härryda,härryda
redovisningsekonom,ekonom
vara,vara
torsås,torsås
gällivare,gällivare
bollnäs,bollnäs
åmål,åmål
hamnarbetare,arbetare
tekniker,tekniker
ale,ale
tolk,tolk
vårdbiträde,vårdare
säffle,säffle
officer,militär
generalsekreterare,generalsekreterare
tensta,tensta
politisk rådgivare,politisk tjänsteman
osby,osby
höganäs,höganäs
utbildningsansvarig,utbildningsansvarig
samordnare,samordnare
herrljunga,herrljunga
maskinförare,maskinist
läkarstudent,studerande
politisk tjänsteman,politisk tjänsteman
berg,berg
hörby,hörby
vårgårda,vårgårda
driftingenjör,driftstekniker
språklärare,lärare
kurator,kurator
kommunikationschef,kommunikationschef
tjörn,tjörn
askersund,askersund
leg. psykolog,psykolog
nykvarn,nykvarn
nässjö,nässjö
svalöv,svalöv
yrkesförare,yrkesförare
leg sjuksköterska,sjuksköterska
högskoleingenjör,högskoleingenjör
vetlanda,vetlanda
uppvidinge,uppvidinge
lantmästare,lantmästare
tandläkare,tandläkare
företagsekonom,företagsekonom
arvika,arvika
redovisningskonsult,redovisningskonsult
florist,florist
tierp,tierp
kristinehamn,kristinehamn
karlshamn,karlshamn
riksombudsman,riksombudsman
konstnär,konstnär
ungdomspedagog,ungdomspedagog
lilla edet,lilla edet
mora,mora
partitjänsteman,partitjänsteman
informationsassistent,informationsassistent
dansare,dansare
lagerarbetare,arbetare
präst,präst
sakkunnig yrkestrafik,sakkunnig yrkestrafik
familjeföretagare,familjeföretagare
cnc-operatör,cnc-operatör
visby,visby
so-lärare,so-lärare
resurspersonal,resurspersonal
fil. kand. kulturarvsstudier,fil. kand. kulturarvsstudier
skogsrådgivare,skogsrådgivare
fil. dr cell- och molekylärbiologi,fil. dr cell- och molekylärbiologi
tanum,tanum
nämndeman,nämndeman
säljadministratör,säljadministratör
marknadschef,marknadsansvarig
överläkare,läkare
marknadsekonom,ekonom
pressekreterare,kommunikatör
pastor,pastor
götene,götene
hudiksvall,hudiksvall
tranås,tranås
lilla essingen,lilla essingen
tomelilla,tomelilla
systemutvecklare,systemutvecklare
säter,säter
leksand,leksand
omsorgsassistent,omvårdnadspersonal
arkitekt,arkitekt
stödassistent,stödassistent
affärsutvecklare,affärsrådgivare
revisor,revisor
höllviken,höllviken
biolog,biolog
vårdadministratör,vårdadministratör
olofström,olofström
smedjebacken,smedjebacken
hjo,hjo
poliskommissarie,polis
biomedicinsk analytiker,biomedicinare
skötare,skötare
kil,kil
beteendevetare,beteendevetare
snickare,snickare
hylte,hylte
skadereglerare,skadereglerare
kriminalvårdare,kriminalvårdare
sandviken,sandviken
storuman,storuman
hällefors,hällefors
borgarrådssekreterare,borgarrådssekreterare
bjärred,bjärred
f.d. ombudsman,fackombudsman
ämneslärare,lärare
teknologie doktor,tekn. dr.
speciallärare,speciallärare
laxå,laxå
lomma,lomma
produktionschef,chef
dalby,dalby
skogås,skogås
montör,montör
enebyberg,enebyberg
servicebyråchef,servicebyråchef
bitr. kanslichef,bitr. kanslichef
hässelby villastad,hässelby villastad
kista,kista
miljö- och skärgårdslandstingsråd,miljö- och skärgårdslandstingsråd
vindkraftingenjör,ingenjör
innovationslandstingsråd,innovationslandstingsråd
hälso-och sjukvårdslandstingsråd,hälso-och sjukvårdslandstingsråd
doktorand civilrätt,doktorand civilrätt
riskforskare,riskforskare
stadsmiljökommunalråd,stadsmiljökommunalråd
muskö,muskö
verksamhetsstrateg,verksamhetsstrateg
elektriker,elektriker
leg. ssw,leg. ssw
förvaltningsadministratör,förvaltningsadministratör
senior analytiker,analytiker
boendestödjare,boendeassistent
landskapsarkitekt,landskapsarkitekt
personalvetare,personalvetare
bålsta,bålsta
busschaufför,bussförare
malung-sälen,malung-sälen
katrineholm,katrineholm
arbetsledare,chef
vårdlärare,vårdlärare
bjuv,bjuv
bussförare,bussförare
onsala,onsala
älvkarleby,älvkarleby
skattehandläggare,skattehandläggare
lövestad,lövestad
oppositionslandstingsråd,oppositionslandstingsråd
skurup,skurup
regionpolitiker,regionpolitiker
mark,mark
fotograf,fotograf
f d riksdagsledamot,riksdagsledamot
vellinge,vellinge
töreboda,töreboda
docent,docent
köping,köping
civ.ing.,civ.ing.
habo,habo
östhammar,östhammar
robertsfors,robertsfors
leg. fysioterapeut,fysioterapeut
fd riksdagsledamot,riksdagsledamot
partiordförande,partiordförande
älmhult,älmhult
småföretagare,egenföretagare
studie- och yrkesvägledare,studie- och yrkesvägledare
västra frölunda,västra frölunda
huskvarna,huskvarna
upplands bro,upplands bro
burlöv,burlöv
bengtsfors,bengtsfors
butiksbiträde,butiksbiträde
sorunda,sorunda
kulturarbetare,kulturarbetare
nyköping,nyköping
aneby,aneby
fritidsledare,fritidsledare
mantorp,mantorp
vännäs,vännäs
brokind,brokind
skogsbrukare,skogsbrukare
båstad,båstad
språkrör grön ungdom,språkrör grön ungdom
inköpare,inköpare
åstorp,åstorp
medicinsk sekreterare,sekreterare
målare,målare
gislaved,gislaved
språkrör,språkrör
vice partiordförande,vice partiordförande
vilhelmina,vilhelmina
arboga,arboga
kommunstyrelsens ordförande,kommunstyrelsens ordförande
jur kand,jurist
fastighetsförvaltare,fastighetsförvaltare
lastbilschaufför,lastbilsförare
grästorp,grästorp
gotland,gotland
assistent,assistent
brevbärare,brevbärare
yrkeschaufför,yrkesförare
tranemo,tranemo
elevassistent,elevassistent
avesta,avesta
piteå,piteå
kisa,kisa
trosa,trosa
anderstorp,anderstorp
årjäng,årjäng
svenljunga,svenljunga
fd kommunalråd,kommunalråd
lokförare,lokförare
lekeberg,lekeberg
ramlösa,ramlösa
gamleby,gamleby
drifttekniker,driftstekniker
väktare,väktare
sävsjö,sävsjö
klippan,klippan
maskinoperatör,maskinist
heby,heby
boden,boden
försäljare,försäljare
redaktör,redaktör
limhamn,limhamn
sotenäs,sotenäs
skillingaryd,skillingaryd
ekonomiassistent,ekonom
ljungby,ljungby
platschef,platschef
leg. läkare,läkare
fjärås,fjärås
processoperatör,processtekniker
distriktsläkare,läkare
professor,professor
svedala,svedala
kopparberg,kopparberg
grafisk formgivare,grafiker
söderåkra,söderåkra
kalix,kalix
gagnef,gagnef
regionchef,regionchef
vårdare,vårdare
karlsborg,karlsborg
hagfors,hagfors
fil kand,fil. kand.
tumba,tumba
universitetsadjunkt,universitetsadjunkt
polisinspektör,polis
mentalskötare,mentalskötare
forskare,forskare
gamla stan,gamla stan
vasastan,vasastan
boxholm,boxholm
krokom,krokom
kommunstyrelseordförande,kommunstyrelsens ordförande
vreta kloster,vreta kloster
vaggeryd,vaggeryd
kundansvarig,kundrådgivare
filipstad,filipstad
zero waste-konsult,zero waste-konsult
handen,handen
målilla,målilla
fil.kand,fil. kand.
maskiningenjör,maskintekniker
åkersberga,åkersberga
lärarstudent,studerande
rimforsa,rimforsa
norberg,norberg
åhus,åhus
fastighetsskötare,fastighetsförvaltare
utbildare,utbildare
partisekreterare,partisekreterare
vindeln,vindeln
logistiker,logistiker
verkstadsarbetare,arbetare
arbetssökande,arbetslös
förhandlare,förhandlare
östra göinge,östra göinge
nordmaling,nordmaling
folkhögskollärare,lärare
managementkonsult,managementkonsult
programmerare,programmerare
essunga,essunga
hantverkare,hantverkare
frilansjournalist,journalist
sjukpensionär,sjukpensionär
arbetsterapeut,arbetsterapeut
ljusnarsberg,ljusnarsberg
miljövetare,miljövetare
svetsare,svetsare
rådgivare,rådgivare
statistiker,statistiker
skolledare,skolledare
undervisningsråd,undervisningsråd
gullspång,gullspång
personalchef,personalchef
oppositionslandstingsråd och leg sjuksköterska,oppositionslandstingsråd och leg sjuksköterska
kommunråd,kommunråd
veberöd,veberöd
kungsör,kungsör
färgelanda,färgelanda
eda,eda
timrå,timrå
vikbolandet,vikbolandet
områdeschef,chef
affärsjurist,jurist
privatrådgivare,privatrådgivare
rörum,rörum
norsjö,norsjö
hallstahammar,hallstahammar
yrkeslärare,yrkeslärare
kemist,kemist
tjörnarp,tjörnarp
socialpedagog,socialpedagog
storebro,storebro
fil. kand,fil. kand.
grafiker,grafiker
fysioterapeut,fysioterapeut
universitetsstudent,universitetsstudent
kanslist,kanslisekreterare
europaparlamentariker,europaparlamentariker
sektionschef,chef
servicetekniker,servicepersonal
stocksund,stocksund
bibliotekarie,bibliotekarie
arkeolog,arkeolog
produktionsledare,produktionsansvarig
hyltebruk,hyltebruk
arkivarie,arkivarie
lokalvårdare,lokalvårdare
bankeryd,bankeryd
lindö,lindö
fjugesta,fjugesta
ydre,ydre
övertorneå,övertorneå
jokkmokk,jokkmokk
ambulanssjukvårdare,ambulanssjukvårdare
förskolelärare,förskolelärare
säkerhetskonsult,säkerhetskonsult
utvecklingsledare,utvecklingsledare
borensberg,borensberg
jur. kand,jurist
berga,berga
professor emeritus,professor
brandman,brandman
sätra,sätra
bro,bro
föreläsare,föreläsare
jur. kand.,jurist
skanör,skanör
terapeut,terapeut
seniorkonsult,seniorkonsult
transportledare,transportledare
träslövsläge,träslövsläge
fd regionråd/barnmorska,fd regionråd/barnmorska
bara,bara
dorotea,dorotea
apotekare,apotekare
opinionsstrateg,opinionsstrateg
broakulla,broakulla
administrativ chef,chef
fabriksarbetare,fabriksarbetare
analytiker,analytiker
försäkringstjänsteman,försäkringsrådgivare
frödinge,frödinge
aspudden,aspudden
vårdpolitiker/mekaniker,vårdpolitiker/mekaniker
verksamhetsledare,verksamhetsansvarig
orsa,orsa
miljöchef,miljöchef
enskededalen,enskededalen
skutskär,skutskär
kommun- och landstingspolitiker,kommun- och landstingspolitiker
järnforsen,järnforsen
it tekniker,it tekniker
senior rådgivare,rådgivare
medicinsk chef,medicinsk chef
akalla,akalla
kungsängen,kungsängen
fd. vd,fd. vd
pol. sek.,pol. sek.
årstadal,årstadal
fruängen,fruängen
doktor i historia,doktor i historia
björkhagen,björkhagen
ekonomikonsult,ekonomikonsult
trafikutvecklare,trafikplanerare
företagsläkare,företagsläkare
fil. mag,fil. mag.
ringarum,ringarum
kärrtorp,kärrtorp
österskär,österskär
hedemora,hedemora
alunda,alunda
lektor,lektor
rejmyre,rejmyre
fil. dr,fil. dr.
vaktmästare,vaktmästare
bjurholm,bjurholm
fd lärare,lärare
flen,flen
kommunikationsstrateg,kommunikationsrådgivare
surahammar,surahammar
österbybruk,österbybruk
försäljningschef,försäljningsansvarig
kammaråklagare,åklagare
veterinär,veterinär
account manager,chef
it-utvecklare,it-utvecklare
elingenjör,ingenjör
teologstudent,teologstudent
renägare,renägare
torup,torup
marknadskoordinator,marknadskoordinator
säkerhetschef,chef
matematiker,matematiker
kulturvetare,kulturarbetare
boendehandledare,boendehandledare
informatör,informatör
tågvärd,tågvärd
frösön,frösön
sollefteå,sollefteå
ålem,ålem
fd. riksdagsledamot,riksdagsledamot
hållbarhetschef,chef
kriminolog,kriminolog
förtroendevald politiker,förtroendevald politiker
jukkasjärvi,jukkasjärvi
zoolog,zoolog
innerstaden,innerstaden
skolpräst,skolpräst
utryckningsväktare,utryckningsväktare
miljöminister,miljöminister
kommunikationskonsult,kommunikationsrådgivare
ordförande liberala kvinnor,ordförande
ungdomsförbundsordförande,ungdomsförbundsordförande
bergkvara,bergkvara
butiksmedarbetare,butiksbiträde
rättvik,rättvik
skogskonsulent,skogskonsulent
trädgårdsmästare,trädgårdsmästare
förbundsordförande,förbundsordförande
ingenjör förnybar energi,ingenjör
tobo,tobo
bonde,bonde
chefsekonom,chefsekonom
field service engineer,field service engineer
forskningsingenjör,forskningsingenjör
folkbildare,folkbildare
operasångerska,operasångerska
språkrör gröna studenter,språkrör gröna studenter
vindkraftsamordnare,vindkraftsamordnare
gryt,gryt
torslanda,torslanda
byggnadssnickare,byggarbetare
adjunkt,militär
församlingspedagog,församlingspedagog
människorättsjurist,människorättsjurist
leg. arbetsterapeut,arbetsterapeut
marinbiolog,marinbiolog
nationell utvecklingsledare,nationell utvecklingsledare
kultur- och demokratiminister,kultur- och demokratiminister
allingsås,allingsås
västernorrlands län,västernorrlands län
östergötlands län,östergötlands län
kommunalråd i opposition,kommunalråd i opposition
riksdagsledamot/prof. em.,riksdagsledamot/prof. em.
stockholms stad,stockholms stad
västra götalands västra,västra götalands västra
jönköpings län,jönköpings län
västra götalands södra,västra götalands södra
norrbottens län,norrbottens län
pensionerad lärare,pensionär
skåne läns norra och östra,skåne läns norra och östra
stockholms län,stockholms län
örebro län,örebro län
arbetsmarknadsexpert,arbetsmarknadsexpert
västmanlands län,västmanlands län
sjukgymnast,sjukgymnast
majorna,majorna
västra götalands norra,västra götalands norra
gävleborgs län,gävleborgs län
hallands län,hallands län
klimat- och energirådgivare,klimat- och energirådgivare
västerbottens län,västerbottens län
sjökapten,kapten
bitr. socialchef,bitr. socialchef
konsult i försvarsmakten,konsult i försvarsmakten
fastighetsmäklare,mäklare
omvårdnadslärare/riksdagsledamot,omvårdnadslärare/riksdagsledamot
skåne läns södra,skåne läns södra
statsvetare/historiker,statsvetare/historiker
malmö kommun,malmö kommun
göteborgs kommun,göteborgs kommun
kultur- och mediepolitisk talesperson,kultur- och mediepolitisk talesperson
specialistläkare,specialistläkare
gotlands län,gotlands län
kronobergs län,kronobergs län
verksamhetssamordnare,verksamhetssamordnare
f.d förbundsordförande,f.d förbundsordförande
södermanlands län,södermanlands län
civilingenjör/statsvetare,civilingenjör/statsvetare
västra götalands östra,västra götalands östra
nederländerna,nederländerna
it projektledare,it projektledare
skene,skene
fil.lic. i specialpedagogik,fil.lic. i specialpedagogik
bostads- och digitaliseringsminister,bostads- och digitaliseringsminister
jämtlands län,jämtlands län
finansmarknadsminister,finansmarknadsminister
riksdagsledamot/diplomat,riksdagsledamot/diplomat
värmlands län,värmlands län
dalarnas län,dalarnas län
docent i fysiologi,docent i fysiologi
skåne läns västra,skåne läns västra
redaktör/f.d. riksdagsledamot,redaktör/f.d. riksdagsledamot
uppsala län,uppsala län
blekinge län,blekinge län
kalmar län,kalmar län
livsmedelskonsult,livsmedelskonsult
sjuksköterskestudent,studerande
musikpedagog,musikpedagog
älvdalen,älvdalen
arlöv,arlöv
hr-konsult,hr-konsult
teknikkonsult,teknikkonsult
kolmården,kolmården
bureå,bureå
högdalen,högdalen
hr-chef,chef
kyrkomusiker,kyrkomusiker
teolog,teolog
knäred,knäred
rydaholm,rydaholm
konsulent,konsulent
byxelkrok,byxelkrok
mekaniker,mekaniker
tyringe,tyringe
kyrkvaktmästare,kyrkoarbetare
miljöinspektör,miljöinspektör
förvaltningssekreterare,förvaltningssekreterare
grundskolelärare,lärare
aukt. redovisningskonsult,redovisningskonsult
historiker,historiker
smålandsstenar,smålandsstenar
råå,råå
vintrosa,vintrosa
köpman,köpman
diakon,diakon
kiruna,kiruna
röstånga,röstånga
fliseryd,fliseryd
hammarby sjöstad,hammarby sjöstad
innesäljare,säljare
fil. kand. och kommunpolitiker,fil. kand. och kommunpolitiker
fagersta,fagersta
lantmästare/lärare,lantmästare/lärare
vikingstad,vikingstad
östervåla,östervåla
företagsledare,företagsledare
kulturpolitiker,kulturpolitiker
museichef,museichef
kvalitetsutvecklare,kvalitetsutvecklare
onkologisjuksköterska,onkologisjuksköterska
sankt ibb,sankt ibb
alvesta,alvesta
kommunikationsansvarig,kommunikationschef
regionfullmäktigeledamot,regionfullmäktigeledamot
ljungskile,ljungskile
åkarp,åkarp
holmsund,holmsund
f.d. kommunalråd,kommunalråd
ombudsman/verksamhetsutvecklare,fackombudsman
hult,hult
trädgårdsingenjör/pedagog,trädgårdsingenjör/pedagog
energi- och miljösamordnare,energi- och miljösamordnare
vvs ingenjör,vvs ingenjör
rydöbruk,rydöbruk
dals-ed,dals-ed
hjärup,hjärup
presschef,kommunikatör
örby,örby
leg. sjukgymnast,sjukgymnast
skolkurator,skolkurator
servicehandläggare,handläggare
djursholm,djursholm
miljöingenjör,miljöingenjör
informationssekreterare,informationssekreterare
folkhögskolerektor,folkhögskolerektor
bodafors,bodafors
silverdalen,silverdalen
barkarby,barkarby
skivarp,skivarp
fd vårdadministratör,fd vårdadministratör
skänninge,skänninge
statlig tjänsteman,statlig tjänsteman
pol. mag.,pol. mag.
skogsinventerare,skogsinventerare
verksjurist,verksjurist
sibbarp,sibbarp
kyrkoherde,kyrkoherde
skåne tranås,skåne tranås
leg. barnmorska,barnmorska
kullavik,kullavik
strateg,strateg
sjöofficer,sjöbefäl
vårberg,vårberg
gustavsberg,gustavsberg
dals ed,dals ed
mälarhöjden,mälarhöjden
kulltorp,kulltorp
leg läkare och verksamhetschef,leg läkare och verksamhetschef
utvecklingsstrateg,utvecklingsstrateg
signalingenjör,signalingenjör
duvbo,duvbo
mörlunda,mörlunda
leg. tandhygienist,tandhygienist
reimersholme,reimersholme
bildkonstnär,konstnär
rinkabyholm,rinkabyholm
gröndal,gröndal
produktspecialist,produktspecialist
leg. psykoterapeut,psykoterapeut
universitetslektor i miljövetenskap,universitetslektor i miljövetenskap
stureby,stureby
teaterpedagog,teaterpedagog
fd bankdirektör,bankir
hofors,hofors
vattenekolog,vattenekolog
ankarsrum,ankarsrum
livsmedelsarbetare,arbetare
it-företagare,it-specialist
professor emerita,professor
saltsjö-boo,saltsjö-boo
mångsysslare,mångsysslare
älta,älta
degerhamn,degerhamn
hammarö,hammarö
sjukvårdslandstingsråd,sjukvårdslandstingsråd
tjänstman,tjänstman
vallda,vallda
rinkeby,rinkeby
rimbo,rimbo
vetenskaplig sekreterare,vetenskaplig sekreterare
key account manager,chef
senior konsult,senior konsult
fil. kand.,fil. kand.
rönninge,rönninge
musiker/musiklärare,musiker/musiklärare
blivande pensionär,blivande pensionär
dataanalytiker,dataanalytiker
pol. mag,pol. mag.
vantör,vantör
hjorthagen,hjorthagen
sätila,sätila
it-ansvarig,it-specialist
gränna,gränna
arkitektstudent,arkitektstudent
dataingenjör,ingenjör
ljusdal,ljusdal
förtroendevald kommunal,förtroendevald kommunal
driftchef,chef
åsele,åsele
koordinator,koordinator
reftele,reftele
verktygsmakare,verktygsmakare
tandsköterska,tandsköterska
folkhögskolelärare,lärare
förstelärare,lärare
organisationskonsult,organisationskonsult
miljöstrateg,miljöstrateg
butikssäljare,butiksbiträde
energiingenjör,energiingenjör
controller,controller
olsfors,olsfors
leg. lärare,lärare
butikschef,butikschef
mölnlycke,mölnlycke
översättare,översättare
hunnebostrand,hunnebostrand
åkare,åkare
transporttekniker,transporttekniker
f.d. undersköterska,undersköterska
operatör,operatör
jobbcoach,jobbrådgivare
ovanåker,ovanåker
asarum,asarum
väröbacka,väröbacka
ursviken,ursviken
broby,broby
arbetare,arbetare
harbo,harbo
träningsansvarig,träningsansvarig
fritsla,fritsla
lövånger,lövånger
säljchef,säljansvarig
truckförare,truckförare
kvillsfors,kvillsfors
markaryd,markaryd
universitetslärare,universitetslärare
statsvetarstudent,studerande
vd-assistent,vd-assistent
malå,malå
ekolog,ekolog
askim,askim
myresjö,myresjö
rydsgård,rydsgård
demokratiambassadör,demokratiambassadör
kåge,kåge
sekreterare,sekreterare
vvs-montör,vvs-montör
fastighetschef,chef
forshaga,forshaga
centrum,centrum
samhällsplanerare,samhällsplanerare
särö,särö
lingvist,lingvist
leg psykolog,psykolog
f.d patienttransportör,patienttransportör
affärschef,chef
verksamhetscontroller,verksamhetscontroller
stödpedagog,stödassistent
östra skrukeby,östra skrukeby
filosofie doktor,fil. dr.
säljansvarig,säljansvarig
f.d. riksdagsman,riksdagsledamot
löderup,löderup
pajala,pajala
skribent,skribent
obbola,obbola
ledsagare,ledsagare
degeberga,degeberga
genarp,genarp
kommunalarbetare,arbetare
tärnsjö,tärnsjö
borrby,borrby
mariefred,mariefred
sävar,sävar
destinationsutvecklare,destinationsutvecklare
distriktsombudsman,distriktsombudsman
utbildningschef,chef
oxelösund,oxelösund
vakt,vakt
servitris,servitris
figeholm,figeholm
kommun- och regionpolitiker,kommun- och regionpolitiker
medicinteknisk civilingenjör,medicinteknisk civilingenjör
elektronikingenjör,ingenjör
lundby,lundby
specialistundersköterska,undersköterska
överum,överum
löddeköpinge,löddeköpinge
biträdande rektor,bitr. rektor
byggnadsmålare,målare
modersmålslärare,lärare
receptionist,receptionist
byggprojektledare,byggentreprenör
sorsele,sorsele
lindås,lindås
pensionerad ombudsman,pensionerad ombudsman
produktchef,chef
demokratiutvecklare,demokratiutvecklare
loftahammar,loftahammar
rekryterare,rekryterare
farmaceut,farmaceut
gamlestan,gamlestan
coo,coo
direktör,direktör
projektadministratör,projektadministratör
fd. informatör,fd. informatör
gnesta,gnesta
processledare,processledare
melltorp,melltorp
flygkapten,pilot
läkarsekreterare,sekreterare
droskägare,droskägare
talpedagog,talpedagog
miljösamordnare,miljökommunikatör
nätverkstekniker,nätverkstekniker
smedby,smedby
f d rektor,rektor
knislinge,knislinge
almunge,almunge
bryggmästare,bryggmästare
taxichaufför,taxiförare
fastighetstekniker,fastighetstekniker
upphandlare,upphandlare
besiktningstekniker,besiktningstekniker
socionom/konsthantverkare,socionom/konsthantverkare
pensionerad förskollärare,pensionär
haga,haga
döderhult,döderhult
läckeby,läckeby
biblioteksassistent,bibliotekarie
aktivist,aktivist
kontorist,kontorist
f.d. rektor,rektor
ekonomiedoktor,ekonomiedoktor
fd distriktssköterska,sjuksköterska
vingåker,vingåker
mellbystrand,mellbystrand
marketing officer,marketing officer
byggingenjör,ingenjör
it-chef,chef
ekonomiansvarig,ekonom
behandlingspedagog,behandlare
limmared,limmared
garphyttan,garphyttan
burträsk,burträsk
mentor,mentor
samhällsvägledare,samhällsvägledare
trafikplanerare,trafikplanerare
regionråd och organisationssekreterare,regionråd och organisationssekreterare
civilingenjörsstudent,studerande
nämndsekreterare,sekreterare
högstadielärare,högstadielärare
hälsoekonom,hälsoekonom
träindustriarbetare,arbetare
näringslivsutvecklare,näringslivsutvecklare
fil.mag,fil. mag.
arbetande pensionär,arbetande pensionär
fellingsbro,fellingsbro
handledare,handledare
strömsund,strömsund
projektör,projektör
skogsägare,skogsägare
internrevisor,internrevisor
ryd,ryd
hr-specialist,hr-administratör
f.d. arbetsmiljöingenjör,f.d. arbetsmiljöingenjör
lyckeby,lyckeby
fil. lic,fil. lic
ockelbo,ockelbo
studiehandledare,studie- och yrkesvägledare
partiombudsman,partiombudsman
lessebo,lessebo
jägmästare,jägmästare
vallberga,vallberga
hr-strateg,hr-strateg
mekaniker/cyklist,mekaniker/cyklist
getinge,getinge
energikonsult,energikonsult
sävedalen,sävedalen
kanslisekreterare,kanslisekreterare
utvecklingsingenjör,ingenjör
städare,städare
björklinge,björklinge
säkerhetssamordnare,säkerhetssamordnare
tärnaby,tärnaby
donsö,donsö
it-arkitekt,it-specialist
vargön,vargön
försäkringshandläggare,försäkringsrådgivare
elektroingenjör,ingenjör
ungdomshandledare,ungdomshandledare
skogstekniker,skogstekniker
oskarström,oskarström
bredäng,bredäng
folkhögskolelärare/kulturarbetare,folkhögskolelärare/kulturarbetare
chef,chef
sjuksköterska/ordf. säs,sjuksköterska
kimchifabrikant,kimchifabrikant
styra,styra
hökerum,hökerum
hyssna,hyssna
tenhult,tenhult
kommunsekreterare,kommunsekreterare
vrigstad,vrigstad
leg.sjuksköterska,sjuksköterska
haparanda,haparanda
biståndshandläggare,biståndshandläggare
sjöingenjör,sjöingenjör
ljungsbro,ljungsbro
renhållningsarbetare,renhållningsarbetare
hotellreceptionist,hotellreceptionist
teamledare,teamledare
sfi-lärare,lärare
civ. ing.,civ. ing.
integrationsstrateg,integrationsassistent
bygdeå,bygdeå
it-specialist,it-specialist
fil dr,fil. dr.
fd vd,vd
tingsryd,tingsryd
paralegal,paralegal
örbyhus,örbyhus
verksamhetsansvarig,verksamhetsansvarig
domsjö,domsjö
bergsingenjör,ingenjör
restaurangchef,chef
försäkringsrådgivare,försäkringsrådgivare
skärblacka,skärblacka
hisings backa,hisings backa
hållbarhetskonsult,hållbarhetsstrateg
hotellchef,hotellchef
storvreta,storvreta
begravningsrådgivare,begravningsentreprenör
träarbetare,arbetare
administrativ sekreterare,administratör
affärsområdeschef,chef
möllevången,möllevången
geolog,geolog
fiskare,fiskare
volontär,volontär
verksamhetskoordinator,verksamhetssamordnare
sveg,sveg
lärarstuderande,studerande
åseda,åseda
leg sjukgymnast,sjukgymnast
midsommarkransen,midsommarkransen
ekonomiadministratör,ekonom
skogsarbetare,skogsarbetare
teknisk chef,chef
psykologstudent,studerande
lantmätare,lantmätare
eu-parlamentariker,eu-parlamentariker
kvalitetschef,chef
forskare i statsvetenskap,forskare i statsvetenskap
spårvagnsförare,spårvagnsförare
studie och yrkesvägledare,studie- och yrkesvägledare
f.d. datakonsult,f.d. datakonsult
distriktschef,chef
musiker,musiker
familjebehandlare,familjebehandlare
industritjänsteman,industritjänsteman
riksdagsman,riksdagsledamot
public affairschef,public affairschef
projekteringsledare,projekteringsledare
åsa,åsa
skyddsvakt,vakt
sörberge,sörberge
pensionerad sjuksköterska,pensionär
personlig assistent och regionalt fackligt ombud,personlig assistent
blentarp,blentarp
hillerstorp,hillerstorp
brandmästare,brandman
pensionerad socialsekreterare,pensionär
arkivtjänsteman,arkivtjänsteman
registrator,registrator
public affairs manager,chef
kundrådgivare,kundrådgivare
singelmorsa,singelmorsa
tvååker,tvååker
handledare hvb,handledare hvb
möja,möja
arbetskonsulent,arbetshandledare
smygehamn,smygehamn
utredningssekreterare,sekreterare
deltidspolitiker/elevassistent,deltidspolitiker/elevassistent
byske,byske
gullabo,gullabo
butiksanställd,butiksbiträde
landstingspolitiker,landstingspolitiker
retoriker,retoriker
örgryte-härlanda,örgryte-härlanda
lärare i hem- och konsumentkunskap,lärare
utvecklingssamordnare,utvecklingssamordnare
webmaster,webmaster
politisk sakkunnig,politisk tjänsteman
nissafors,nissafors
huaröd,huaröd
arbetsmiljöinspektör,arbetsmiljöinspektör
leg.psykolog,psykolog
ås,ås
mät- och kartchef,mät- och kartchef
föreståndare,föreståndare
f d distriktssköterska,sjuksköterska
rockneby,rockneby
trädgårdsarbetare,trädgårdsarbetare
skrea,skrea
copywriter,copywriter
ör,ör
museivärd,museivärd
fjälkinge,fjälkinge
tulltjänsteman,tulltjänsteman
kågeröd,kågeröd
lerberget,lerberget
sociolog,sociolog
kontorschef,chef
skolbibliotekarie,bibliotekarie
affärsutvecklare och hållbarhetsredaktör,affärsutvecklare och hållbarhetsredaktör
studerandeombudsman,studerandeombudsman
gullbrandstorp,gullbrandstorp
linghem,linghem
ekonomicontroller,controller
personligt ombud,personligt ombud
skyddsombud,skyddsombud
näringspolitisk expert,näringspolitisk expert
brösarp,brösarp
barsebäck,barsebäck
pensionerad vd,pensionerad vd
bjärnum,bjärnum
kommunstyrelsordförande,kommunstyrelsordförande
landsbygdsutvecklare,landsbygdsutvecklare
flygplatskontrollant,flygplatskontrollant
habiliteringsassistent,habiliteringsassistent
doktorand i nationalekonomi,doktorand i nationalekonomi
odensvi,odensvi
f.d. lagman,f.d. lagman
rolfstorp,rolfstorp
verksamhetsassistent,verksamhetsassistent
ormkärr,ormkärr
servicechef,chef
åkeridelägare,åkeridelägare
bräkne-hoby,bräkne-hoby
löttorp,löttorp
böda,böda
servicekonsulent,servicekonsulent
gatuingenjör,gatuingenjör
event- och informationsansvarig,eventanordnare
civilingenjör och lärare,civilingenjör
content producer,content producer
nordanstig,nordanstig
sjukvårdspol.,sjukvårdspol.
överkalix,överkalix
hallabro,hallabro
flygvärdinna,flygvärdinna
logistikkoordinator,logistikkoordinator
älvsbyn,älvsbyn
långemåla,långemåla
psykiatrisjuksköterska,sjuksköterska
sågverksoperatör,sågverksoperatör
billeberga,billeberga
hortonom,hortonom
produktionsplanerare,produktionsansvarig
otteskruv,otteskruv
hjorted,hjorted
konsult i förnybart,konsult i förnybart
skelleftehamn,skelleftehamn
key accont manager,key accont manager
för nykterhet,för nykterhet
bäckebo,bäckebo
runsten,runsten
sakkunnig,sakkunnig
grillby,grillby
trafikkonsult,trafikkonsult
sminkös,sminkös
processchef,chef
bergshamra,bergshamra
röddinge,röddinge
förskollärarstudent,förskollärarstudent
ekolantbrukare,ekolantbrukare
produktledare,produktledare
algutsboda,algutsboda
elektriker mm,elektriker mm
bockara,bockara
förenings- och projektordförande,förenings- och projektordförande
fd ombudsman,fackombudsman
ingatorp,ingatorp
pens. diakon,pens. diakon
björköby,björköby
utbildningsproducent,utbildningsproducent
pedagog/projektledare,pedagog/projektledare
pensionerad lärare och rektor,pensionerad lärare och rektor
hässelby strand,hässelby strand
odensbacken,odensbacken
senior säljare,senior säljare
medicinsekreterare,medicinsekreterare
medicine doktor,medicine doktor
mariehäll,mariehäll
nationell samordnare,nationell samordnare
special- och talpedagog,special- och talpedagog
it-strateg,it-specialist
miljöinspektör och kommunalråd,miljöinspektör och kommunalråd
blåsut,blåsut
service manager,service manager
lagerarbetare och chaufför,lagerarbetare och chaufför
databasansvarig,databasansvarig
trafikpilot,trafikpilot
skriftställare,skriftställare
vendelsö,vendelsö
oppositionlandstingråd,oppositionlandstingråd
bor,bor
läkarexamen,läkarexamen
vistaberg,vistaberg
kundservicevärd,kundservicevärd
vårdbiträde och student,vårdbiträde och student
systemansvarig,systemansvarig
dalarö,dalarö
gruppträningsinstruktör,gruppträningsinstruktör
webbdesigner,webbdesigner
storskogen,storskogen
törnbotten,törnbotten
museipedagog,museipedagog
provingenjör,provingenjör
ansvarig samhällskontakter,ansvarig samhällskontakter
rehabassistent,rehabassistent
önnestad,önnestad
nationalekonom/freds- och konfliktvetare,nationalekonom/freds- och konfliktvetare
intendent,intendent
transport manager,transport manager
f.d företagare,f.d företagare
landeryd,landeryd
f.d. gymnasiechef,f.d. gymnasiechef
pilot,pilot
frisör,frisör
ridlärare,ridlärare
politisk redaktör,politisk redaktör
fd specialpedagog,fd specialpedagog
maskinist,maskinist
nationalekonom/statsvetare,nationalekonom/statsvetare
butiksansvarig,butikschef
business process modeller,business process modeller
psykiatriskötare,psykiatriskötare
tyrseö,tyrseö
järna,järna
produktionstekniker,produktionstekniker
regionutvecklare,regionutvecklare
vansbro,vansbro
univ adjunkt,univ adjunkt
organisationsadministratör,organisationsadministratör
segeltorp,segeltorp
järnvägsingenjör,järnvägsingenjör
leg biomedicinsk analytiker,leg biomedicinsk analytiker
ombudsman emeritus,ombudsman emeritus
hagsätra,hagsätra
pensionerad banktjänsteman,pensionerad banktjänsteman
besiktningsförrättare,besiktningsförrättare
tavelsjö,tavelsjö
filosofie magister,fil. mag.
bolagsjurist,jurist
tf ombudsman,tf ombudsman
kemiingenjör,ingenjör
båtsman,båtsman
doktorerad sjuksköterska,doktorerad sjuksköterska
serievetare,serievetare
rekryteringskonsult,rekryteringskonsult
socionom/oberoende forskare,socionom/oberoende forskare
trafiklandstingsråd,trafiklandstingsråd
rumskulla,rumskulla
årsrik,årsrik
förbundsordförande schizofreniförbundet,förbundsordförande schizofreniförbundet
valutahandlare,valutahandlare
förbundsordförande muf,förbundsordförande muf
med. dr.,med. dr.
fd statsepidemiolog,fd statsepidemiolog
it konsult,it-konsult
motorprovare,motorprovare
lärare hem- och konsumentkunskap,lärare hem- och konsumentkunskap
glimåkra,glimåkra
kbt-terapeut,terapeut
fd. kulturjournalist,fd. kulturjournalist
projektkoordinator,projektkoordinator
församlingsassistent,församlingsassistent
jakobsberg,jakobsberg
huvudskyddsombud,skyddsombud
järnvägare,järnvägare
tillgänglighetsexpert,tillgänglighetsexpert
nyckelkunds ansvarig,kundsansvarig
ordförande psykiatriberedningen,ordförande psykiatriberedningen
fd kriminalpolis,fd kriminalpolis
ledningssamordnare,ledningssamordnare
mba,mba
operations officer,operations officer
docent vårdvetenskap,docent vårdvetenskap
pers. assistent,personlig assistent
boendekonsulent,boendekonsulent
finanslandstingsråd,finanslandstingsråd
medical advisor,medical advisor
gruppledare regionen,gruppledare regionen
saltsjöbaden,saltsjöbaden
leg. veterinär,veterinär
påryd,påryd
förtroendevald,förtroendevald
fil. kand statsvetenskap,fil. kand statsvetenskap
frivårdsinspektör,frivårdsinspektör
barnmorska - vårdlärare,barnmorska - vårdlärare
"aktiv senior ""leva livet hela livet""","aktiv senior ""leva livet hela livet"""
marknadsrådgivare,marknadsrådgivare
båtbyggare,båtbyggare
sergeant,sergeant
samhällsekonom,samhällsekonom
facklig utredare,facklig utredare
överförmyndarhandläggare,överförmyndarhandläggare
prevention- och säkerhetssamordnare,prevention- och säkerhetssamordnare
forskningsledare,forskningsledare
mentalskötare och student,mentalskötare och student
bitr. enhetschef,bitr. enhetschef
tullinge,tullinge
kirurg,kirurg
affärsutvecklingschef,chef
västra harg,västra harg
kultur- och fritidskommunalråd,kultur- och fritidskommunalråd
årsta havsbad,årsta havsbad
trade compliance advisor,trade compliance advisor
regionalt skyddsombud,regionalt skyddsombud
fd banktjänsteman,bankir
masthugget,masthugget
hörnefors,hörnefors
fd flygkapten,fd flygkapten
forskningschef,forskningsledare
sälj/it-ansvarig,sälj/it-ansvarig
pensionerad jurist,pensionerad jurist
finansstrateg,finansstrateg
kårsta,kårsta
stationsvärd,stationsvärd
spärrexpeditör,spärrexpeditör
gamla enskede,gamla enskede
tågledare,tågledare
diplomingenjör,diplomingenjör
verksamhetskonsult,konsult
fd statstjänsteman,fd statstjänsteman
skogspatolog,skogspatolog
leg. optiker,leg. optiker
undersköterska och egen företagare,undersköterska och egen företagare
postanställd,postanställd
tvärred,tvärred
auktoriserad revisor,revisor
förslöv,förslöv
byggsmed,byggarbetare
granbergsdal,granbergsdal
vankiva,vankiva
aktuarie,aktuarie
teknolog,teknolog
skranta,skranta
f.d. kulturchef,f.d. kulturchef
förtroendevald handels,förtroendevald handels
vaxmora,vaxmora
masterutbildningsvetenskap,masterutbildningsvetenskap
enskede gård,enskede gård
länghem,länghem
enhetschef rättspsykiatri,enhetschef rättspsykiatri
chefsassistent,chefsassistent
fd studievägledare,fd studievägledare
ekologisk ekonom,ekologisk ekonom
migrantkonsulent,migrantkonsulent
barnmorska och professor,barnmorska och professor
org. konsult,org. konsult
solidarietet,solidarietet
produktledningsassistent,produktledningsassistent
kulturskribent,kulturskribent
departementssekreterare,sekreterare
f.d. butikschef,f.d. butikschef
gubbängen,gubbängen
ekonom mba,ekonom mba
gravör,gravör
hr-partner,hr-partner
anestesisjuksköterska,sjuksköterska
doktorand i genusvetenskap,doktorand i genusvetenskap
sparekonom,sparekonom
projektutvecklingschef,projektutvecklingschef
chief technology officer,chief technology officer
ek.dr.,ek.dr.
västerhaninge,västerhaninge
infrastrukturkonsult,infrastrukturkonsult
landstingsfullmäktiges ordförande,landstingsfullmäktiges ordförande
smedlagbas,smedlagbas
molekylärbiolog,molekylärbiolog
bredaryd,bredaryd
jur kand. lidingö,jur kand. lidingö
gruppledare sll,gruppledare sll
företagsförsäljare,företagsförsäljare
ledarskapkonsult,ledarskapkonsult
trekanten,trekanten
fd speciallärare,speciallärare
kompetensrådgivare,kompetensrådgivare
fd controller,fd controller
fd it-samo,fd it-samo
barnskötare/personalvetare hr,barnskötare/personalvetare hr
djursdala,djursdala
fil.kand.,fil. kand.
socialchef,socialchef
applikationsansvarig,applikationsansvarig
tolk och översättare,tolk
samhällsanalytiker,samhällsanalytiker
f.d. områdeschef,f.d. områdeschef
it-administratör,it-specialist
mr-försvarare,mr-försvarare
systemförvaltningsledare,systemförvaltningsledare
ordf liberala ungdomsförbundet sthlm,ordf liberala ungdomsförbundet sthlm
div.arbetare,diversearbetare
pensionerad apotekare,pensionerad apotekare
departementsråd,departementsråd
depåarbetare,depåarbetare
kommunalrådssekreterare,kommunalrådssekreterare
handelsanställdas förbund,handelsanställdas förbund
fd kanslichef,chef
budgetrådgivare,budgetrådgivare
husby,husby
fd röntgensjuksköterska,fd röntgensjuksköterska
tekn dr/fysiker,tekn dr/fysiker
investeringscontroller,investeringscontroller
fd utvecklingschef,fd utvecklingschef
intressepolitisk handläggare,intressepolitisk handläggare
fastighetskonsult,fastighetskonsult
facklig ombudsman och oppositionsråd,facklig ombudsman och oppositionsråd
produktionsarbetare,produktionsarbetare
fd datachef,chef
förvaltningssocionom,socionom
kulturarbetare och pensionär,kulturarbetare och pensionär
husvärd,husvärd
reg. fastighetsmäklare,reg. fastighetsmäklare
samhällsentreprenör för hälsotjänster,samhällsentreprenör för hälsotjänster
gråbo,gråbo
socionom och stadsdelsnämndsordförande,socionom och stadsdelsnämndsordförande
distriktschef på kommun,distriktschef på kommun
tekn.dr. kemiteknik,tekn.dr. kemiteknik
f.d. sjuksköterska,sjuksköterska
junior design,junior design
nättraby,nättraby
locknevi,locknevi
programhandläggare,programhandläggare
alvik,alvik
brottby,brottby
business area manager,chef
bokförläggare,förläggare
verksamhetsutvecklare abf,verksamhetsutvecklare abf
fd. försäljningsdirektör,fd. försäljningsdirektör
norra djurgårdsstaden,norra djurgårdsstaden
privat rådgivare,privat rådgivare
administratör polisen,administratör polisen
office manager,office manager
bromsten,bromsten
landstinsgråd,landstinsgråd
incident manager,incident manager
fd. ambassadråd,fd. ambassadråd
kth,kth
åkeshov,åkeshov
sjuksköterska och barnmorska,sjuksköterska och barnmorska
utrymningskonsult,utrymningskonsult
familjehemspappa,familjehemspappa
system manager,system manager
teknikexpert,teknikexpert
universitetstudent,universitetstudent
folkhögskolelärare/statistiker,folkhögskolelärare/statistiker
sanda,sanda
kalkylansvarig,kalkylansvarig
näringsrådgivare,näringsrådgivare
jordbro,jordbro
fritidspolitiker,politiker
förskolechef,chef
gusum,gusum
kantor,kantor
arbetsmarknadssekreterare,arbetsmarknadshandläggare
forsa,forsa
rambergsstaden,rambergsstaden
boendechef,boendechef
handlare,handlare
systemförvaltare,systemförvaltare
kronoinspektör,kronoinspektör
systemvetare,systemvetare
kommunvägledare,kommunvägledare
hällekis,hällekis
förläggare,förläggare
kungshamn,kungshamn
spec. sjuksköterska,spec. sjuksköterska
socionomstuderande,studerande
studie-och yrkesvägledare,studie- och yrkesvägledare
försäkringsspecialist,försäkringsrådgivare
sjuksköterska/ordf.säs,sjuksköterska/ordf.säs
it-projektledare,it-specialist
lambohov,lambohov
posttjänsteman,postanställd
marknadsföringskonsult,marknadsföringskonsult
verkställande direktör,vd
distributör,distributör
parkarbetare,parkarbetare
fd polis,polis
f.d miljöchef,f.d miljöchef
torsby,torsby
kalv,kalv
processtekniker,processtekniker
humanekolog,humanekolog
lärarvikarie,lärarvikarie
idrottslärare,idrottslärare
grums,grums
vidingsjö,vidingsjö
djurön,djurön
östra ryd,östra ryd
hovslagare,hovslagare
hällevadsholm,hällevadsholm
ekholmen,ekholmen
nossebro,nossebro
språkvetare,språkvetare
miljö- och hälsoskyddsinspektör,hälsoskyddsinspektör
designer,designer
lantbrukstekniker,lantbrukstekniker
armerare,armerare
djurskötare,djurskötare
kriminalvårdstjänsteman,kriminalvårdstjänsteman
enhetschef äldreomsorg,enhetschef äldreomsorg
lotorp,lotorp
björkekärr,björkekärr
servicepersonal,servicepersonal
flow planner,flödesplanerare
fd rektor,rektor
psykiatrivårdare,psykiatrivårdare
f.d. företagsledare,företagsledare
guldringen,guldringen
informationsansvarig,informationsansvarig
ordf. regionfullmäktige,ordf. regionfullmäktige
ödeborg,ödeborg
biträdande universitetslektor,biträdande universitetslektor
godegård,godegård
vårdlärare/folkhälsovetare,vårdlärare/folkhälsovetare
försäljningsansvarig,försäljningsansvarig
säkerhetsvakt,säkerhetsvakt
billdal,billdal
söderstaden,söderstaden
projektledare/kulturutövare,projektledare/kulturutövare
f.d. vårdare,f.d. vårdare
säve,säve
byggmästare,byggchef
massageterapeut,massör
alsike,alsike
docent & sjukvårdsregionråd,docent & sjukvårdsregionråd
integrationshandläggare,integrationsassistent
olivedal,olivedal
kulturutövare,kulturutövare
hestra,hestra
regionråd/veterinär,regionråd/veterinär
tjm regeringskansliet,tjm regeringskansliet
degerön,degerön
kommunalråd/gymnasielärare,kommunalråd/gymnasielärare
personbilsmontör,personbilsmontör
sjuksköterska & företagare,sjuksköterska & företagare
simonstorp,simonstorp
duvkullen,duvkullen
örsundsbro,örsundsbro
oppositionsråd/lärare,oppositionsråd/lärare
åsbro,åsbro
processingenjör,ingenjör
energitekniker,energitekniker
projektledare integration,projektledare integration
jordbrukare,bonde
hällevik,hällevik
hälsovetare,hälsopedagog
marknadsförare,marknadsförare
företagare/pensionär,företagare/pensionär
ledarskapskonsult,ledarskapskonsult
leg psykoterapeut,psykoterapeut
rydsnäs,rydsnäs
åby,åby
boliden,boliden
hok,hok
älvängen,älvängen
studerande/verksamhetsutvecklare,studerande/verksamhetsutvecklare
bilskadetekniker,bilmekaniker
ekonom & regionråd,ekonom & regionråd
sankt anna,sankt anna
kulturentreprenör,kulturentreprenör
fil. kand. historia,fil. kand. historia
taberg,taberg
klockrike,klockrike
skäggetorp,skäggetorp
björsäter,björsäter
fd. speciallärare,speciallärare
skarphagen,skarphagen
pensionerad officer major,pensionerad officer major
floda,floda
skatterevisor,revisor
järvsö,järvsö
särskild utredare,särskild utredare
hr-konsulent,hr-konsulent
järnvägstjänsteman,järnvägstjänsteman
tallboda,tallboda
muf,muf
röntgensköterska,sjuksköterska
taxiförare,taxiförare
hagebyhöga,hagebyhöga
vimanshäll,vimanshäll
pol.mag/politisk sekreterare,pol.mag/politisk sekreterare
bilmekaniker,bilmekaniker
eltekniker,eltekniker
arbetsmarknadshandläggare,arbetsmarknadshandläggare
fd. sjukhusdirektör,fd. sjukhusdirektör
distriktssekreterare,distriktssekreterare
regionråd/samhällsvetare,regionråd/samhällsvetare
hästuppfödare,hästuppfödare
värnhem,värnhem
lärare och teknikpedagog,lärare och teknikpedagog
byggarbetare,byggarbetare
projektutvecklare,projektutvecklare
jämjö,jämjö
torstuna,torstuna
omvårdare,omvårdnadspersonal
skolvärd,skolvärd
mariannelund,mariannelund
torsåker,torsåker
jur.kand,jurist
adminstratör,adminstratör
husby-långhundra,husby-långhundra
egen företagare/barnmorska,egen företagare/barnmorska
skokloster,skokloster
kallinge,kallinge
med. doktor,med. doktor
inspektör,inspektör
kvibille,kvibille
lögdeå,lögdeå
fackligt förtroendevald,facklig företrädare
energiexpert,energiexpert
driftansvarig,driftansvarig
norrahammar,norrahammar
vretstorp,vretstorp
rusksele,rusksele
grön senior,grön senior
ersmark,ersmark
rörvik,rörvik
betongarbetare,arbetare
skådespelare,skådespelare
verksamhetschef lss,verksamhetschef lss
vvs-företagare,vvs-företagare
apotekstekniker,apotekare
trossö,trossö
kundservice,kundservice
fd barnmorska,barnmorska
skummeslövsstrand,skummeslövsstrand
adelöv,adelöv
konsult/egenföretagare,egenföretagare
frövi,frövi
finnerödja,finnerödja
arvidsjaur,arvidsjaur
utbildningsledare,utbildningsledare
allmänläkare,allmänläkare
slussfors,slussfors
affärsrådgivare,affärsrådgivare
ortoptist,ortoptist
fysioterapeut/univ.adjunkt,fysioterapeut/univ.adjunkt
vittinge,vittinge
arbetsrättsjurist,jurist
ungdomsledare,ungdomsledare
maskintekniker,maskintekniker
daggarp,daggarp
it-entreprenör,it-entreprenör
fil mag,fil. mag.
skogaholm,skogaholm
fegen,fegen
yrkesofficer,militär
haverdal,haverdal
billesholm,billesholm
anderslöv,anderslöv
brunnsborrare,brunnsborrare
logoped,logoped
hishult,hishult
kreatör,kreatör
karlberg,karlberg
utbildningsadministratör,utbildningsadministratör
hovmantorp,hovmantorp
illustratör,illustratör
söderfors,söderfors
civ.ingenjör,civ.ingenjör
kristdala,kristdala
skoghall,skoghall
omvärldsanalytiker,omvärldsanalytiker
åre,åre
arjeplog,arjeplog
storfors,storfors
gruppledare i kommunfullmäktige,gruppledare i kommunfullmäktige
edsbyn,edsbyn
angered,angered
bergskoleingenjör,ingenjör
bråten,bråten
morup,morup
massör,massör
transportarbetare,arbetare
distriktsordförande,distriktsordförande
ysby,ysby
sorgenfri,sorgenfri
typograf,typograf
biokemist,biokemist
vissefjärda,vissefjärda
soldat,militär
jonstorp,jonstorp
filosofie doktor och pensionär,filosofie doktor och pensionär
veddige,veddige
rådmansvången,rådmansvången
hemmaförälder,hemmaförälder
överstelöjtnant,militär
fysiker,fysiker
kilafors,kilafors
åkeriägare,åkeriägare
narkossköterska,narkossköterska
fastighetsingenjör,fastighetstekniker
lantbruksföretagare,bonde
processtekniker och partiföreträdare,processtekniker och partiföreträdare
integrationssamordnare,integrationsassistent
listerby,listerby
kundtjänstmedarbetare,kundrådgivare
beroendeterapeut,beroendeterapeut
gällersta,gällersta
herr,herr
vänge,vänge
skolassistent,skolassistent
dammfri,dammfri
systemadministratör,systemadministratör
guldsmedshyttan,guldsmedshyttan
lagan,lagan
idrottskonsulent,idrottskonsulent
brunflo,brunflo
lenhovda,lenhovda
stensele,stensele
omsorgspedagog,omvårdnadspersonal
våxtorp,våxtorp
åklagare,åklagare
antikvarie,antikvarie
kampanj- och organisationsledare,kampanj- och organisationsledare
oderljunga,oderljunga
alsen,alsen
personaladministratör,personaladministratör
infrastrukturrådgivare,infrastrukturrådgivare
facklig rådgivare,facklig företrädare
f.d. lärare,lärare
it-supporttekniker,it-supporttekniker
kassabiträde,kassabiträde
marknadsassistent,marknadsassistent
f.d. egenföretagare,egenföretagare
ekonomistudent,studerande
strövelstorp,strövelstorp
styrelseordförande,styrelseordförande
lndustriarbetare,lndustriarbetare
västra hamnen,västra hamnen
adm.assistent,adm.assistent
instrumenttekniker,instrumenttekniker
driftavdelningschef,driftavdelningschef
öregrund,öregrund
www.hilmansson.blogspot.se,www.hilmansson.blogspot.se
skogsmästare,skogsbrukare
skolbibliotikarie,skolbibliotikarie
speditör,speditör
kolbäck,kolbäck
servicerådgivare,servicepersonal
plåtslagare,plåtslagare
fränsta,fränsta
kanslist på liberalerna,kanslist på liberalerna
ingenjör i kemiteknik,ingenjör i kemiteknik
nårunga,nårunga
f.d. kammaråklagare,f.d. kammaråklagare
god man,god man
vallåkra,vallåkra
sibbhult,sibbhult
oxie,oxie
teckomatorp,teckomatorp
kulladal,kulladal
fru,fru
etableringsanalytiker,etableringsanalytiker
ikt-pedagog,ikt-pedagog
fil. dr geologi,fil. dr geologi
östra sorgenfri,östra sorgenfri
rosengård,rosengård
barnarp,barnarp
leg barnmorska,barnmorska
håknäs,håknäs
vd välfärdsföretag,vd välfärdsföretag
stockaryd,stockaryd
pensionerad präst,pensionerad präst
andrarum,andrarum
ekonomie magister,fil. mag.
fil. mag. informationslogistik,fil. mag. informationslogistik
föreståndare lss,föreståndare lss
rydebäck,rydebäck
förvaltare,förvaltare
skogskonsult,skogskonsult
visseltofta,visseltofta
åkerby,åkerby
sjuksköterska/pedagog,sjuksköterska/pedagog
strömsnäsbruk,strömsnäsbruk
billinge,billinge
chip programmerare,chip programmerare
organisatör,organisatör
coach,tränare
nyhamnsläge,nyhamnsläge
sius-konsulent,sius-konsulent
humanist,humanist
ekonom/controller,ekonom/controller
socionomkonsult,socionomkonsult
affärsbiträde,affärsbiträde
fritidsgårdsföreståndare,fritidsledare
specialidrottstränare,specialidrottstränare
tågarp,tågarp
hästföretagare,hästföretagare
avdelningsledare,avdelningsledare
församlingsvärdinna,församlingsvärdinna
administrativ assistent,administratör
statsanställd,statstjänsteman
anläggare,anläggare
barnsköterska,barnsköterska
valbo,valbo
miljöforskare,miljöforskare
energi- och miljöingenjör,energi- och miljöingenjör
marieholm,marieholm
provningsingenjör,provningsingenjör
sjukvårdsbiträde,sjukvårdsbiträde
orrefors,orrefors
ekobonde,bonde
personskadereglerare,personskadereglerare
ekoodlare,ekoodlare
saxtorp,saxtorp
fd officer,militär
socialentreprenör,socialentreprenör
fd poliskommissarie,fd poliskommissarie
hållbarhetssamordnare,hållbarhetsstrateg
jurist och miljövetare,jurist och miljövetare
nyrbo,nyrbo
fosie,fosie
planarkitekt,planarkitekt
logistikchef,chef
it-samordnare,it-specialist
personlig assistent/butikssäljare,personlig assistent/butikssäljare
ljunghusen,ljunghusen
skabersjö,skabersjö
teletekniker,teletekniker
bankchef,bankir
färila,färila
kommunfullmäktigeordförande,kommunfullmäktigeordförande
kinna,kinna
munkfors,munkfors
socialpsykolog,socialpsykolog
föreningsarbetare,föreningsarbetare
töcksfors,töcksfors
ballingslöv,ballingslöv
social.ped./diakon,social.ped./diakon
kivik,kivik
beräkningsingenjör,beräkningsingenjör
grängesberg,grängesberg
leg. receptarie,receptarie
södra sandby,södra sandby
asmundtorp,asmundtorp
hammenhög,hammenhög
nybrostrand,nybrostrand
underhållstekniker,underhållstekniker
rundvik,rundvik
brantevik,brantevik
fd gymnasielärare,lärare
stensjön,stensjön
södra biskopsgården,södra biskopsgården
trafikingenjör,ingenjör
flygvapenofficer,flygvapenofficer
beddingestrand,beddingestrand
småbrukare/rådgivare,småbrukare/rådgivare
pensionerad undersköterska,pensionär
fil.kand psykologi,fil.kand psykologi
järbo,järbo
måltidspedagog,måltidspedagog
läkarstuderande,studerande
webbutvecklare,webbutvecklare
fd polisintendent,fd polisintendent
gantofta,gantofta
unnaryd,unnaryd
skötare/behandlare,skötare/behandlare
fil. mag. i mänskliga rättigheter,fil. mag. i mänskliga rättigheter
beredare,beredare
trätekniker,trätekniker
hovmästare,hovmästare
trafiklärare,trafiklärare
orderadministratör,orderadministratör
planeringschef,planeringschef
kontrollrumsingenjör,kontrollrumsingenjör
ordningsvakt,ordningsvakt
mörtfors,mörtfors
senior advisor,rådgivare
agronom/egen företagare,agronom/egen företagare
tågvärdinna,tågvärdinna
solcellsentreprenör,solcellsentreprenör
mekatronikingenjör,mekatronikingenjör
tvättbiträde,tvättbiträde
teologistuderande,teologistuderande
fd handläggare,handläggare
f.d väg-& anläggningsarbetare,f.d väg-& anläggningsarbetare
varvsholmen,varvsholmen
f d utredningsingenjör,f d utredningsingenjör
träningskoordinator,träningskoordinator
lokalsamordnare,lokalsamordnare
f.d. personaldirektör,f.d. personaldirektör
prof/phd/vd,prof/phd/vd
bergeforsen,bergeforsen
project controller,project controller
organisationschef,chef
gunnarn,gunnarn
killeberg,killeberg
stödassistent lss,stödassistent
svinhusförman,svinhusförman
äspö,äspö
fd.biblotikarie,fd.biblotikarie
förvaltningschef,förvaltningschef
miljövärd,miljövärd
gräsgård,gräsgård
ekenässjön,ekenässjön
f d fabriksarbetare,f d fabriksarbetare
holmeja,holmeja
konstruktör,konstruktör
långaström,långaström
vårdlärare/gymnasielärare,vårdlärare/gymnasielärare
skolsköterska,skolsköterska
baskemölla,baskemölla
underhållschef,underhållschef
cateringföretagare,cateringföretagare
leg. röntgensjuksköterska,leg. röntgensjuksköterska
fakultetshandläggare,fakultetshandläggare
varnhem,varnhem
glömminge,glömminge
företagsrådgivare,företagsrådgivare
södra näsby,södra näsby
ljusfallshammar,ljusfallshammar
konsthistoriker,konsthistoriker
f.d anläggningsarbetare,f.d anläggningsarbetare
f.d ombudsman,f.d ombudsman
pc-tekniker,pc-tekniker
enhetsansvarig,enhetsansvarig
ekoturismresearrangör,ekoturismresearrangör
östervärn,östervärn
e-handelsutvecklare,e-handelsutvecklare
hemservice,hemservice
civilekonom och egenföretagare,civilekonom och egenföretagare
månstad,månstad
glemmingebro,glemmingebro
flyinge,flyinge
fågelbacken,fågelbacken
publisher,publisher
med. dr,läkare
f.d. sjöbefäl,f.d. sjöbefäl
föreningskonsulent,föreningskonsulent
fil.kand demens-geriatrik,fil.kand demens-geriatrik
skånesfagerhult,skånesfagerhult
f.d. officer,militär
knx-tekniker,knx-tekniker
företagskonsult,företagsrådgivare
henån,henån
hannas,hannas
oppositionsråd/affärsrådgivare,oppositionsråd/affärsrådgivare
hushållslärare,lärare
ekonimichef,ekonimichef
kommun- och landstingstingspolitiker,kommun- och landstingstingspolitiker
nol,nol
immeln,immeln
brämhult,brämhult
skeppshult,skeppshult
distanslärare,distanslärare
näsåker,näsåker
lantmästare/forskare,lantmästare/forskare
pensionerad socialchef,pensionerad socialchef
handelsutvecklare,handelsutvecklare
beteendevetarstuderande,beteendevetarstuderande
västra resebo,västra resebo
folkhälsopedagog,folkhälsopedagog
regionstyrelsens ordförande,regionstyrelsens ordförande
pkc-operatör,pkc-operatör
reklamkonsult,reklamkonsult
medicinsk sekr.,medicinsk sekr.
fd lantbrukare,fd lantbrukare
vårdarbetare,vårdarbetare
målaremästare,målare
teamchef bank,teamchef bank
civilekonom/gymnasielärare,civilekonom/gymnasielärare
lantbruksrådgivare,lantbruksrådgivare
organisationsutv.,organisationsutv.
mättekniker,mättekniker
säljare/sjukgymnast,säljare/sjukgymnast
optiker,optiker
drängsmark,drängsmark
kyrkokamrer,kamrer
projektledare energiprojekt,projektledare energiprojekt
f.d teknisk direktör,direktör
skogstjänsteman,skogstjänsteman
admin. konsult,admin. konsult
leg. sjuksköt.,leg. sjuksköt.
svenstavik,svenstavik
trafikledare,trafikledare
specialisttandläkare,specialisttandläkare
västra torup,västra torup
boendestödjare/musiker,boendestödjare/musiker
kredithandläggare,kredithandläggare
finansiell analytiker,finansiell analytiker
handläggare-internationellt bistånd,handläggare-internationellt bistånd
leg tandläkare,tandläkare
elektrikter,elektrikter
johanneberg,johanneberg
planerare,planerare
fritidsresurs,fritidsresurs
påskallavik,påskallavik
läkare-psykiater,läkare-psykiater
tryckare,tryckare
avfallstekniker,avfallstekniker
reparatör,reparatör
integrationsutvecklare,integrationsassistent
speciailärare,speciailärare
skolvaktmästare,skolvaktmästare
föräldrahandledare,föräldrahandledare
väckelsång,väckelsång
gullringen,gullringen
arbetsterapeut/familjehem,arbetsterapeut/familjehem
fibertekniker,fibertekniker
operationssjuksköterska,sjuksköterska
tygelsjö,tygelsjö
senior analytiker/nationalekonom,senior analytiker/nationalekonom
alnö,alnö
systemvetare/projektledare,systemvetare/projektledare
kommunantikvarie,kommunantikvarie
fårbo,fårbo
kartingenjör,kartingenjör
forskare agr.dr.,forskare agr.dr.
hygientekniker,hygientekniker
vollsjö,vollsjö
undersköterska/administratör,undersköterska/administratör
hammarstrand,hammarstrand
horred,horred
smidesarbetare,smidesarbetare
administrationsassistent,administrationsassistent
gladsax,gladsax
teamleader,teamledare
kvalitets/miljösamordnare,kvalitets/miljösamordnare
linné,linné
kyrkofullmäktig,kyrkofullmäktig
webdesigner,webdesigner
styrsö,styrsö
lärarassistent,lärarassistent
högskoleexamen it,högskoleexamen it
politisk kommunikatör,politisk kommunikatör
naturguide,naturguide
integrationsarbetare,integrationsarbetare
sjökapten/egenföretagare,sjökapten/egenföretagare
gärsnäs,gärsnäs
norra kvinneby,norra kvinneby
kurator i region skåne,kurator i region skåne
fengersfors,fengersfors
kronokommissarie,kronokommissarie
gyllebo,gyllebo
sjuksköterska i psykiatrin,sjuksköterska i psykiatrin
sjölunden,sjölunden
f.d. upphandlingschef,f.d. upphandlingschef
leg sjuksköterska kalmar,leg sjuksköterska kalmar
snogeröd,snogeröd
f.d museiarbetare,f.d museiarbetare
pataholm,pataholm
ekonomibiträde/samordnare,ekonomibiträde/samordnare
fordonsmekaniker,bilmekaniker
krögare,krögare
f d facklig företrädare,f d facklig företrädare
energi- och klimatstrateg,energi- och klimatstrateg
skadedjurstekniker,skadedjurstekniker
holsbybrunn,holsbybrunn
bergsjö,bergsjö
skogsförvaltare,skogsförvaltare
oppositionsråd/lantbrukare,oppositionsråd/lantbrukare
smedstorp,smedstorp
bilarbetare,bilarbetare
reseproducent,reseproducent
patient,patient
regionråd/kursadministratör,regionråd/kursadministratör
hälsokonsult,hälsokonsult
skärgårdskapten,skärgårdskapten
besiktningsingenjör,besiktningsingenjör
örkelljunga.,örkelljunga.
gladhammar,gladhammar
förrådsarbetare,förrådsarbetare
politisk sekreterare/lärare,politisk sekreterare/lärare
utvecklingschef,chef
pers. ass,pers. ass
skomakarlärling,skomakarlärling
skogsby,skogsby
vislanda,vislanda
tuna,tuna
ängelholm.,ängelholm.
kanslist/ekonomi,kanslist/ekonomi
flädie,flädie
torna hällestad,torna hällestad
enhetschef funktionshind.,enhetschef funktionshind.
planeringssekreterare,planeringssekreterare
trycktekniker,trycktekniker
kristen ms-sjuk miljöaktivist,kristen ms-sjuk miljöaktivist
kontrolltekniker,kontrolltekniker
anläggningsarbetare,anläggningsarbetare
nittorp,nittorp
hillared,hillared
leg arbetsterapeut,arbetsterapeut
själevad,själevad
alböke,alböke
lab undersköterska,lab undersköterska
gruppledare (v) region skåne,gruppledare (v) region skåne
gettlinge,gettlinge
loddekopinge,loddekopinge
arild,arild
rederitjänsteman,rederitjänsteman
tullinspektör,tullinspektör
samordnare missbruksvård,samordnare missbruksvård
samtalsterapeut,samtalsterapeut
vejbystrand,vejbystrand
undersköterska/arbetsledare,undersköterska/arbetsledare
vice ordf kalmar läns museum,vice ordf kalmar läns museum
annelund,annelund
kuturarbetare,kuturarbetare
fil.mag.,fil. mag.
f.d. egen företagare,egenföretagare
ersboda,ersboda
trafiksäkerhetschef,trafiksäkerhetschef
örsjö,örsjö
gimo,gimo
fredrika,fredrika
driftsledare/fd kommunalråd,driftsledare/fd kommunalråd
fd regionråd,fd regionråd
vassunda,vassunda
målartorp,målartorp
svarvare,svarvare
fd. lantbrukare,fd. lantbrukare
sjuksköterskestuderande,studerande
hemvårdare,hemvårdare
fd. kyrkokamrer,fd. kyrkokamrer
pensionerad tågklarerare,pensionerad tågklarerare
dalum,dalum
fd verksamhetschef,fd verksamhetschef
egenföretagare/konsult,egenföretagare/konsult
f d byggnadsingenjör,f d byggnadsingenjör
hagby,hagby
österfärnebo,österfärnebo
f.d. riksdagsmanmörbylånga,f.d. riksdagsmanmörbylånga
entreprenadingenjör,ingenjör
datatekniker,datatekniker
södra kortedala,södra kortedala
teamchef,chef
serviceentreprenör,serviceentreprenör
grönby,grönby
skepparslöv,skepparslöv
ingenjörstuderande,ingenjörstuderande
andre vice talman,andre vice talman
hästveda,hästveda
fil. mag.,fil. mag.
f.d. kv insp.,f.d. kv insp.
entreprenör/företagare,entreprenör/företagare
hallingeberg,hallingeberg
hultafors,hultafors
säijare,säijare
ramdala,ramdala
sundsbruk,sundsbruk
religionsvetare,religionsvetare
f.d. postiljon,f.d. postiljon
kyrkbyn,kyrkbyn
förlösa,förlösa
socionom/behandlingssekreterare,socionom/behandlingssekreterare
diö,diö
brastad,brastad
skogsbruksplanläggare,skogsbruksplanläggare
inventerare,inventerare
ukna,ukna
civ ing/statsvetare,civ ing/statsvetare
tånnö,tånnö
fritidsintendent,fritidsintendent
teologistudent,teologistudent
förvaltningsassistent,förvaltningsadministratör
kontrollant,kontrollant
informatiker,informatiker
affärsanalytiker,affärsanalytiker
lnformationsassistent,lnformationsassistent
persnäs,persnäs
glumslöv,glumslöv
krokshult,krokshult
utvecklare/sjuksköterska,utvecklare/sjuksköterska
löberöd,löberöd
matfors,matfors
mortorp,mortorp
ordf.säs,ordf.säs
sjukhusvaktmästare,sjukhusvaktmästare
f.d. företagare,egenföretagare
f d förskollärare,förskolelärare
fd. byrådirektör,fd. byrådirektör
sunnanå,sunnanå
moheda,moheda
stenberga,stenberga
krisitianstad,krisitianstad
ljungbyhed,ljungbyhed
rymdingenjör,rymdingenjör
sparsör,sparsör
ljungbyholm,ljungbyholm
biskopsgården,biskopsgården
kommunikationsvetare,kommunikationsrådgivare
f.d. kriminalvårdschef,f.d. kriminalvårdschef
slättingebygd,slättingebygd
fleninge,fleninge
f.d. språklärare,f.d. språklärare
lastbilskörande bonde,lastbilskörande bonde
markentreprenör,markentreprenör
blackstad,blackstad
abbekås,abbekås
riksdagsledamot/marinbiolog,riksdagsledamot/marinbiolog
kyrkorådet,kyrkorådet
project manager,project manager
filosofie studerande,filosofie studerande
lönneberga,lönneberga
algutsrum,algutsrum
hanaskog,hanaskog
borgolm,borgolm
vinslöv,vinslöv
bygglovsingenjör,bygglovsingenjör
ek.mag.,ek.mag.
ekomjölkproducent,ekomjölkproducent
museiassistent,museiassistent
f.d. personalsekreterare,f.d. personalsekreterare
hackås,hackås
elkonstruktör,elkonstruktör
förrättningslantmätare,förrättningslantmätare
albrunna,albrunna
äldresamordnare,äldresamordnare
gymnasieekonom,gymnasieekonom
eu-projektledare,eu-projektledare
pensionerad polis,pensionär
västra karup,västra karup
industrimekaniker,arbetare
fagerhult,fagerhult
yrkeslärare gymnasium,yrkeslärare gymnasium
bitr.ombudsman,bitr.ombudsman
exploateringsingenjör,ingenjör
ek. kand.,ek. kand.
timmernabben,timmernabben
artist,artist
historiestudent,historiestudent
bygg- och målerichef,bygg- och målerichef
fd. logistikofficer,fd. logistikofficer
förtroendevald if metall,förtroendevald if metall
teologie magister,teologie magister
nälden,nälden
musiklärare,lärare
låt proffsen vara proffs,låt proffsen vara proffs
freds- och konfliktvetare,freds- och konfliktvetare
fast.mäklare,fast.mäklare
simhallschef,simhallschef
ansvarig transportledare,ansvarig transportledare
tollarp,tollarp
vännäsby,vännäsby
söråker,söråker
logistikhanterare,logistikhanterare
kvinnojurist,kvinnojurist
gårdstånga,gårdstånga
undersköterska/skötare,undersköterska
tekn. dr energi/miljö,tekn. dr energi/miljö
ribersborg,ribersborg
röda korset,röda korset
laborant,laborant
oskarhamn,oskarhamn
romelanda,romelanda
f.d. busschaufför,bussförare
aktiv senior-mot alkohol och drogmissbruk,aktiv senior-mot alkohol och drogmissbruk
administrativ resurs,administrativ resurs
slöinge,slöinge
götåkra,götåkra
långasjö,långasjö
f.d. väktare,f.d. väktare
furulund,furulund
utbildningsråd,utbildningsråd
mölle,mölle
grimsås,grimsås
pensionerad överläkare,pensionerad överläkare
algutsboö,algutsboö
socionomstudent,studerande
teaterkonsulent,teaterkonsulent
lilla köpinge,lilla köpinge
digitaliserings ansvarig,digitaliserings ansvarig
eldriftingenjör,eldriftingenjör
lantmäteri och samhällsbyggnad,lantmäteri och samhällsbyggnad
töllsjö,töllsjö
tandtekniker,tandtekniker
stenninge,stenninge
naprapat,naprapat
fd undersköterska,undersköterska
livsstilscoach,livsstilscoach
produktkommunikatör,produktkommunikatör
eu assistent,eu assistent
hemmansägare,hemmansägare
spakstorp,spakstorp
it-utvecklare o skolpolitiker,it-utvecklare o skolpolitiker
gymansieekonom,gymansieekonom
infrastrukturtjänsteman,infrastrukturtjänsteman
anläggningsprojektledare,anläggningsprojektledare
datortekniker,datatekniker
dannike,dannike
verkebäck,verkebäck
kliniksamordnare,kliniksamordnare
fd. företagare,egenföretagare
tågklarerare,tågklarerare
fd region skåne medarbetare,fd region skåne medarbetare
butiksäljare/konsult,butiksäljare/konsult
utbildningssekreterare,utbildningssekreterare
guldheden,guldheden
bergsjön,bergsjön
student civilingenjör,student civilingenjör
teaterproducent,teaterproducent
pensionerad,pensionerad
transkriberare,transkriberare
f.d kyrkokamrer,f.d kyrkokamrer
fd. systemkonsult,fd. systemkonsult
kontorsbiträde,kontorsbiträde
skäret,skäret
vd/myndighetsutövare,vd/myndighetsutövare
energispecialist,energispecialist
brigadgeneral (ret),brigadgeneral (ret)
service agent,service agent
mekanisk ingenjör,mekanisk ingenjör
allerum,allerum
f.d. flygvapenofficer,f.d. flygvapenofficer
dönaberga,dönaberga
journalist/författare,journalist/författare
fd. personalchef,fd. personalchef
munka-ljungby,munka-ljungby
företagare/politiker,företagare/politiker
norra mörbylånga,norra mörbylånga
lönsboda,lönsboda
starkströmselektriker,starkströmselektriker
chefssekreterare,sekreterare
ingenjör/global manager,ingenjör
avdelningsordförande,avdelningsordförande
storvik,storvik
sociolog/utredare,sociolog/utredare
medlemssekreterare,medlemssekreterare
f.d. universitetsdirektör,f.d. universitetsdirektör
hälsoinspiratör,hälsoinspiratör
fd. lärare vuxenutbildning,lärare
lännäs,lännäs
f.d. speditör,f.d. speditör
utbildningspolitisk sekreterare,utbildningspolitisk sekreterare
personalspecialist,personalspecialist
lövgärdet,lövgärdet
kooperatör,kooperatör
örsås,örsås
brevens bruk,brevens bruk
önnered,önnered
it-bonde,it-bonde
psykiatriker,psykiatriker
tjänsteman/kapten,tjänsteman/kapten
inköpare/upphandlare,inköpare/upphandlare
fd. pers. assistent,fd. pers. assistent
sjukvårdspolitiker,sjukvårdspolitiker
bi-konsult,bi-konsult
försäkringsförmedlare,försäkringsrådgivare
ölsremma,ölsremma
chef äldreomsorgen,chef äldreomsorgen
sexdrega,sexdrega
leg. läk. docent,läkare
fil. magister,fil. magister
skälltorp,skälltorp
museiintendent,museiintendent
idrottsplatsarbetare,idrottsplatsarbetare
marielund,marielund
it-expert,it-expert
f.d. reparatör,f.d. reparatör
planeringscontroller,planeringscontroller
dingle,dingle
installatör,installatör
hasslö,hasslö
klimat- och energisamordnare,klimat- och energisamordnare
säterhyddan,säterhyddan
riggoperatör,riggoperatör
borghamn,borghamn
ettebro,ettebro
hedgärde,hedgärde
gamlestaden,gamlestaden
påarp,påarp
underläkare,underläkare
utvecklingskonsult,utvecklingskonsult
campingföreståndare,campingföreståndare
köpmanholmen,köpmanholmen
f.d överstelöjtnant,f.d överstelöjtnant
f.d. lärare vuxenutbildning,f.d. lärare vuxenutbildning
fd lo-utredare,fd lo-utredare
skeppsklarerare,skeppsklarerare
kneippen,kneippen
malmköping,malmköping
brottsamordnare,brottsamordnare
guldsmed,guldsmed
turismkonsult,turismkonsult
slaka,slaka
lagerlunda,lagerlunda
pålsboda,pålsboda
omvårdnadspersonal,omvårdnadspersonal
lunden,lunden
vård- och stödsamordnare,vård- och stödsamordnare
galtö,galtö
kommunråd/företagare,kommunråd/företagare
dricksvattenforskare,dricksvattenforskare
tekn. dr.,tekn. dr.
lindome,lindome
hejdegården,hejdegården
systemanalytiker,systemanalytiker
kulturgeograf,kulturarbetare
fd sjuksköterska,sjuksköterska
sturefors,sturefors
bastasjö,bastasjö
ssu-ombudsman,ssu-ombudsman
eriksbo,eriksbo
arkeolog/modersmålslärare,arkeolog/modersmålslärare
röfors,röfors
leg.gymnasielärare,leg.gymnasielärare
hållbarhetsstrateg,hållbarhetsstrateg
jurist/kronofogde pensionerad,jurist/kronofogde pensionerad
f.d. journalist,f.d. journalist
sjökapten/lots,sjökapten/lots
f.d behandlingsassist.,f.d behandlingsassist.
färdtjänstchaufför,färdtjänstchaufför
ullstämma,ullstämma
hede,hede
badmästare,badmästare
samhällskommunikatör,samhällskommunikatör
murare,murare
chefredaktör,chefredaktör
samhälls-och kulturanalytiker,samhälls-och kulturanalytiker
ekängen,ekängen
stora mellösa,stora mellösa
beredningsordförande/politisk sekr.,beredningsordförande/politisk sekr.
fd. banktjänsteman,fd. banktjänsteman
företagare/tidigare kommunalråd,företagare/tidigare kommunalråd
ödskölt,ödskölt
axvall,axvall
kulturekonom,kulturekonom
personlig handl fk,personlig handl fk
informationskonsult,informationskonsult
fotvårdsspecialist,fotvårdsspecialist
väderstad,väderstad
f.d officer,f.d officer
åstol,åstol
fd. kronokommissarie,fd. kronokommissarie
harestad,harestad
pensionerad universitetsadjunkt,pensionerad universitetsadjunkt
vilbergen,vilbergen
fd.polis,fd.polis
sjuntorp,sjuntorp
fil.kand. psykologi,fil.kand. psykologi
lärare för yngre åldrar,lärare för yngre åldrar
transmissionsingenjör,transmissionsingenjör
chief project manager,chief project manager
läromedelsförfattare,läromedelsförfattare
integrationsvägledare,integrationsvägledare
caféansvarig,cafébiträde
förbättringsledare,förbättringsledare
krokås,krokås
transportsamordnare,transportplanerare
statligt anställd,statligt anställd
nolered,nolered
systemtekniker,systemtekniker
sollebrunn,sollebrunn
sjukhusdiakon,sjukhusdiakon
ulrika,ulrika
universitetsstuderande,studerande
fil. kand. i vårdpedagogik,fil. kand. i vårdpedagogik
restaurangbiträde,restaurangbiträde
stiftspedagog-sv k:a,stiftspedagog-sv k:a
inköpsanalytiker,inköpsanalytiker
fd. adjunkt,fd. adjunkt
fd. folkhögskolerektor,fd. folkhögskolerektor
hisingen,hisingen
handikapprättsaktivist,handikapprättsaktivist
badvärd,badvärd
leg.arbetsterapeut,leg.arbetsterapeut
sannäs,sannäs
hällestad,hällestad
sjuksköterska/lärare,sjuksköterska/lärare
psykolog/företagare,psykolog/företagare
högsäter,högsäter
eksund,eksund
medierådgivare,medierådgivare
ornunga,ornunga
f.d skolchef,f.d skolchef
grebbestad,grebbestad
malexander,malexander
tekn.dr. hydrogeolog,tekn.dr. hydrogeolog
kostrådgivare,kostrådgivare
uska studerande,uska studerande
enånger,enånger
fabrikschef,chef
jur.kand.,jurist
arkitekt sar/msa,arkitekt sar/msa
major,militär
dr. med. vetenskap,dr. med. vetenskap
ånimskog,ånimskog
källby,källby
mjäldrunga,mjäldrunga
ytterby,ytterby
boet,boet
ombudsman byggnads,fackombudsman
bjästa,bjästa
nykyrka,nykyrka
f.d riksdagsledamot,riksdagsledamot
centerchef,centerchef
f.d. bankdirektör,bankir
it-pedagog,it-specialist
biologilärare och pensionär,biologilärare och pensionär
derome,derome
skolsköterska/sjuksköterska,skolsköterska/sjuksköterska
dalsjöfors,dalsjöfors
mossebo,mossebo
åttabarnspappa,åttabarnspappa
akademiker,akademiker
grythyttan,grythyttan
f.d. distriktssköterska,sjuksköterska
matinspiratör,matinspiratör
konsult jurist,konsult jurist
näsinge,näsinge
fysikforskare,forskare
vp volvo powertrain engineering controlling,vp volvo powertrain engineering controlling
grävmaskinist,grävmaskinist
senior adviser,rådgivare
ullared,ullared
lanthandlare,lanthandlare
fd snickare,fd snickare
klavreström,klavreström
källeryd,källeryd
fil.dr. forskare,fil.dr. forskare
fd. administratör,fd. administratör
supporttekniker,supporttekniker
blocksekreterare,blocksekreterare
möne,möne
vd maif vätternrundan,vd maif vätternrundan
fritidspolitiker/egenföretagare,fritidspolitiker/egenföretagare
munga/västerås,munga/västerås
qa manager,chef
specialistofficer,militär
trollered,trollered
förbundssamordnare,förbundssamordnare
ombudsman fastighet,ombudsman fastighet
grupphandledare,grupphandledare
elkraftingenjör,elkraftingenjör
inköp,inköp
leg. sjuksköterska/egenföretagare,leg. sjuksköterska/egenföretagare
skeda,skeda
valombudsman,valombudsman
psykologkandidat,psykologkandidat
doktor i kemi,doktor i kemi
rönnäng,rönnäng
skrivtolk,skrivtolk
saltängen,saltängen
enhetschef/projektledare,enhetschef/projektledare
konsult/senior advisor,konsult
pensionerad läkare,pensionerad läkare
hr-direktör,hr-direktör
miljöekonom och kommunalråd,miljöekonom och kommunalråd
miljöekonom/regionråd,miljöekonom/regionråd
överläkare phd,läkare
gruppledare region,gruppledare region
föreningsaktivist,föreningsaktivist
gottfridsberg,gottfridsberg
ordförande regionfullmäktige,ordförande regionfullmäktige
gårdstensberget,gårdstensberget
montessorilärare,montessorilärare
ungdomshandläggare,ungdomshandläggare
fd. landstingsråd,fd. landstingsråd
chef inom offentlig verksamhet,chef inom offentlig verksamhet
narkosläkare,narkosläkare
sjömarken,sjömarken
fd pers. assistent,fd pers. assistent
klinisk projektledare,klinisk projektledare
pensionerad systemanalytiker,pensionerad systemanalytiker
ridlärare/entreprenör,ridlärare/entreprenör
fd. chaufför,fd. chaufför
personalhandläggare,personalhandläggare
tjällmo,tjällmo
sömmerska,sömmerska
lärare/musiker,lärare/musiker
tidningsbud,tidningsbud
viskafors,viskafors
butiksbiträde/studerande,butiksbiträde/studerande
lit,lit
eldsberga,eldsberga
ordningsvakt/väktare,ordningsvakt/väktare
pensionerad lågstadielärare,pensionerad lågstadielärare
kurssekreterare,kurssekreterare
biomed. analytiker,biomed. analytiker
uddebo,uddebo
leg.sjukgymnast,sjukgymnast
lorensberg,lorensberg
ingenjör/folkhälsovetare,ingenjör/folkhälsovetare
biträdande förskolechef,biträdande förskolechef
projektledare it,projektledare it
legitimerad lärare,legitimerad lärare
driftkoordinator,driftkoordinator
fd förskolechef,fd förskolechef
möbeltapetserare,möbeltapetserare
kristberg,kristberg
fastighetsstrateg,fastighetskonsult
skötare rättspsyk,skötare rättspsyk
privatrådgivare bank och försäkr.,privatrådgivare bank och försäkr.
behandlingssekreterare,behandlingssekreterare
deltidsarb. pensionär,deltidsarb. pensionär
it-forensiker,it-forensiker
upphandlingsledare,upphandlingsledare
fd redaktör,fd redaktör
vänga,vänga
fil. kand. psykologi,fil. kand. psykologi
m.dr,m.dr
pappersbruksarbetare,arbetare
högskolestudent,studerande
chefsrekryterare,chefsrekryterare
f.d. mekaniker,f.d. mekaniker
kungsgården,kungsgården
internationell samordnare,internationell samordnare
sillesås,sillesås
f.d. arbetsmiljöinspektör,f.d. arbetsmiljöinspektör
legitimerad sjuksköterska,sjuksköterska
gymnastikdirektör,gymnastikdirektör
webredaktör,webredaktör
arbetsmiljökonsult,arbetsmiljökonsult
pensionerad utvecklingsledare,pensionerad utvecklingsledare
reperatör,reperatör
meterolog,meterolog
organisationssekreterare,organisationssekreterare
prost,prost
bestorp,bestorp
kanberget,kanberget
callcenter-medarbetare,callcenter-medarbetare
trängsansvarig,trängsansvarig
gunnilse,gunnilse
lantbrukare/gymnasielärare,lantbrukare/gymnasielärare
filosofie doktor/utredare,filosofie doktor/utredare
vd/affärsutveckling,vd/affärsutveckling
bagaregården,bagaregården
vekhyttan,vekhyttan
teol. dr,teol. dr
reservdelsförsäljare/lantbrukare,reservdelsförsäljare/lantbrukare
arkeologistuderande,arkeologistuderande
f.d. distriktsläkare,läkare
gingri,gingri
berg- och anläggningsingenjör,berg- och anläggningsingenjör
öxabäck,öxabäck
senior it-projektledare,senior it-projektledare
riksdagsledamot/professor,riksdagsledamot/professor
styrman,styrman
bångbro,bångbro
överskötare psykiatrin,överskötare psykiatrin
nc operatör,nc operatör
stf. butikschef,butikschef
fd sjöman,fd sjöman
villshärad,villshärad
norra biskopsgården,norra biskopsgården
grebo,grebo
speldesigner,speldesigner
event manager,eventanordnare
fil. dr i pedagogik,fil. dr i pedagogik
stenunga,stenunga
röntgenläkare,läkare
sjuksöterska,sjuksöterska
civilekonom/statistiker,civilekonom/statistiker
sjuksköterska/tolk,sjuksköterska/tolk
kvalitetskoordinator,kvalitetskoordinator
f.d. personalchef,personalchef
blidsberg,blidsberg
nämndordförande och konduktör,nämndordförande och konduktör
lärare.skövde,lärare.skövde
kvalitetsledare,kvalitetsledare
f.d. konstnärlig chef,f.d. konstnärlig chef
check in-agent,check in-agent
säljare detaljhandel,säljare detaljhandel
husmor,husmor
fastighetsvärd,fastighetsvärd
smögen,smögen
sjuksköterska/ordförande säs,sjuksköterska/ordförande säs
asker,asker
kvillebäcken,kvillebäcken
competence director,competence director
personbilstekniker,personbilstekniker
kättsäter,kättsäter
tubbetorp,tubbetorp
tekn dr.,tekn dr.
ridinstruktör,ridinstruktör
myggenäs,myggenäs
enhetschef på citysjukhuset,enhetschef på citysjukhuset
ekonomistuderande,studerande
vasastaden,vasastaden
pensionerad med. sekreterare,pensionerad med. sekreterare
skolbibliotekarie/lärare,skolbibliotekarie/lärare
teamchef lokalvård,teamchef lokalvård
inköpsansvarig,inköpsansvarig
långbo,långbo
pens.lärare,pens.lärare
egen företagare/tjänsteman,egenföretagare
södra hult,södra hult
socialt företagande,socialt företagande
skogsinspektör,skogsinspektör
fotskäl,fotskäl
cto,cto
förtroendevald revisor,förtroendevald revisor
skara stift,skara stift
qa,qa
dietiststuderande,dietiststuderande
företagare och kommunalråd,företagare och kommunalråd
filkand. konsthistoria,filkand. konsthistoria
projektchef,chef
auktoriserad tolk,tolk
ekonomie doktor,fil. dr.
kommunråd/enhetschef,kommunråd/enhetschef
båtman,båtman
miljötekninker,miljötekninker
godman,godman
civilekonom/enhetschef,civilekonom
tämta,tämta
medicinskt ansv. sjuksköterska,medicinskt ansv. sjuksköterska
klockaretorpet,klockaretorpet
ventilationsplåtslagare,ventilationsplåtslagare
management consultant,management consultant
servicemarknadschef,servicemarknadschef
kinnahult,kinnahult
videofotograf,videofotograf
trävaruarbetare,trävaruarbetare
pensionerad folkhögskolelärare och lärarutbildare,pensionerad folkhögskolelärare och lärarutbildare
pedagogassistent,pedagog
larmtekniker,larmtekniker
lantmästare/pensionär,lantmästare/pensionär
studiekonsulent,studiekonsulent
bokningskoordinator,bokningskoordinator
ek. rådgivare,ek. rådgivare
gällstad,gällstad
grönahög,grönahög
politisk handläggare/studerande,politisk handläggare/studerande
lärare/koordinator f. integration,lärare
tanumshede,tanumshede
ekonomi och löneassistent,ekonomi och löneassistent
steninge,steninge
bitr. kommunalråd,bitr. kommunalråd
fd vårdlärare,fd vårdlärare
teknisk doktor,tekn. dr.
lönekamrer,lönekamrer
dietist,dietist
integrationspedagog,integrationsassistent
fjällbacka,fjällbacka
automationsingenjör,ingenjör
johannelund,johannelund
senior projektledare,projektledare
ryssby,ryssby
ledningsoperatör,ledningsoperatör
pesonaladministratör,pesonaladministratör
riksdagsledamot/lantbrukare,riksdagsledamot/lantbrukare
f.d. lo-ombudsman,f.d. lo-ombudsman
kommunelektriker,kommunelektriker
lantbrukare/lantmästare,lantbrukare/lantmästare
fd. brandman,fd. brandman
ekkällan,ekkällan
avbytare stålverk,avbytare stålverk
företagssköterska,företagssköterska
bohult,bohult
aspås,aspås
trönninge,trönninge
rävåsen,rävåsen
virsbo,virsbo
mästocka,mästocka
säljingenjör,säljingenjör
säljare karlshamn,säljare karlshamn
bok&skivhandlare,bok&skivhandlare
pensionerad yrkesofficer,pensionerad yrkesofficer
pensionerad marknadschef,pensionerad marknadschef
lärare karlskrona,lärare karlskrona
vallby,vallby
fd försäkrings/placeringsrådgivare.,fd försäkrings/placeringsrådgivare.
statsråd,statsråd
rekrythandläggare,rekrythandläggare
f.d. karftverkschef,f.d. karftverkschef
major account manager,major account manager
arbetsmiljösamordnare,arbetsmiljösamordnare
bofors,bofors
farmaceut ronneby,farmaceut ronneby
telekom konsult,telekom konsult
rörmontör,rörmontör
f.d. florist,f.d. florist
f.d. fastighetsskötare,f.d. fastighetsskötare
politisk stabschef,politisk stabschef
vessigebro,vessigebro
burseryd,burseryd
säbyholm,säbyholm
grovarbetare,grovarbetare
grimeton,grimeton
torne,torne
konsult nättraby,konsult
f.d oppositionsråd,f.d oppositionsråd
västerljung,västerljung
kriminalinspektör,polis
ordf. vuxenskolan,ordf. vuxenskolan
samhällsutvecklare,samhällsutvecklare
åferidelägare,åferidelägare
boendekonsult,boendekonsult
pensionär ronneby,pensionär ronneby
amnestyaktivist karlskrona,aktivist
matdistributör,matdistributör
f.d.personalsekreterare,f.d.personalsekreterare
hällaryd,hällaryd
docent/universitetslektor,docent/universitetslektor
åskloster,åskloster
agunnaryd,agunnaryd
heberg,heberg
harmånger,harmånger
ekonom svalhult,ekonom svalhult
f.d. tjänsteman,f.d. tjänsteman
studie/yrkesvägledare,studie/yrkesvägledare
flygtekniker,flygtekniker
f.d. bruksarbetare,f.d. bruksarbetare
personlig handläggare,personlig handläggare
likenäs,likenäs
turistföretagare,turistföretagare
cad-konsult,cad-konsult
ölmstad,ölmstad
verkstadsledare,verkstadsledare
urshult,urshult
sandhem,sandhem
f.d. socionom,socionom
gyttorp,gyttorp
ikt-pedagog ronneby,ikt-pedagog ronneby
tillväxtstrateg,tillväxtstrateg
f.d. socialchef,chef
studerande ronneby,studerande ronneby
f.d. intendent,f.d. intendent
yrkeslärare ettebro,yrkeslärare ettebro
bodbyn/umeå,bodbyn/umeå
back office manager,chef
vvs-tekniker,vvs-tekniker
applikationsförvaltare,applikationsförvaltare
ervalla,ervalla
byggnadsingenjör smemåla,byggnadsingenjör smemåla
forserum,forserum
fd. kriminalinspektör,fd. kriminalinspektör
braås,braås
fil dr/phd/forskare,fil dr/phd/forskare
f.d. sjökapten/journalist,f.d. sjökapten/journalist
dingtuna/västerås,dingtuna/västerås
konsultchef,chef
logistiksupport,logistiksupport
projektledare o busschaufför,projektledare o busschaufför
gafsele,gafsele
företagsutvecklare,företagsrådgivare
stråvalla,stråvalla
företagare hållbarhet,företagare hållbarhet
charlottenberg,charlottenberg
ekeby,ekeby
fd ambulans förman,fd ambulans förman
f.d. chef vård och omsorg,f.d. chef vård och omsorg
civilingenjörsstuderande,studerande
inredningsarkitekt,inredningsarkitekt
verksamhetsledare asf,verksamhetsledare asf
fritidsped/jurist,fritidsped/jurist
keramiker,keramiker
fd landstingsråd,landstingsråd
civ.ingenjör/företagare,civ.ingenjör/företagare
fd smittskyddsläkare,fd smittskyddsläkare
civiljägmästare,jägmästare
egenföretagare räntemåla,egenföretagare räntemåla
studievägledare,studie- och yrkesvägledare
malmbäck,malmbäck
assistent kallinge,assistent kallinge
juriststuderande,juriststuderande
norrlångträsk,norrlångträsk
socialpedagog asarum,socialpedagog asarum
askeryd,askeryd
bregården,bregården
sturkö,sturkö
frisör stengölsmåla,frisör stengölsmåla
politiker ronneby,politiker ronneby
fd avdelningsdirektör,fd avdelningsdirektör
ekoingenjör/regionråd,ekoingenjör/regionråd
getterön,getterön
boberg,boberg
digital account manager,digital account manager
umgransele,umgransele
jämshög,jämshög
f.d. specialpedagog,f.d. specialpedagog
områdeschef utb.,områdeschef utb.
vinberg,vinberg
driftsledare,driftstekniker
agronom/företagare,agronom/företagare
livscoach lilla räfsmåla,livscoach lilla räfsmåla
jättendal,jättendal
kulturchef,chef
adak,adak
medicinsk bibliotekare,medicinsk bibliotekare
svängsta,svängsta
elkonsult,elkonsult
projektledare räntemåla,projektledare räntemåla
ventilationstekniker,tekniker
landsbygdsföretagare,egenföretagare
fd. generalsekreterare,fd. generalsekreterare
skådespelare/egen företagare,skådespelare/egen företagare
framtidsforskare/uppfinnare,framtidsforskare/uppfinnare
fd adjunkt,fd adjunkt
hunnestad,hunnestad
f.d. barnmorska,barnmorska
vårdare siggamåla,vårdare siggamåla
långsele,långsele
högskolestuderande,högskolestuderande
leg. psykolog och leg. psykoterapeut,leg. psykolog och leg. psykoterapeut
fd förhandlare,fd förhandlare
lilla tjärby,lilla tjärby
närradiotekniker,närradiotekniker
bergåsa,bergåsa
mediasäljare,säljare
cirkelledare,cirkelledare
kälarne,kälarne
hosaby björke,hosaby björke
skällinge,skällinge
fd inspektör,fd inspektör
ugglarp,ugglarp
fritidspedagog/idrottslärare,fritidspedagog/idrottslärare
säljare energi,säljare energi
f.d. bibliotekarie,bibliotekarie
category manager,category manager
f.d. speciallärare,f.d. speciallärare
pastor/guide,pastor/guide
fil.dr forskningsarkivarie,fil.dr forskningsarkivarie
hälsoföretagare,hälsoföretagare
hästö,hästö
exergi-tekniker,exergi-tekniker
väbynäs,väbynäs
anställd i försvarsmakten,anställd i försvarsmakten
gruppledare ronneby,gruppledare ronneby
riksdagsledamot och socionom,riksdagsledamot och socionom
boendeassistent,boendeassistent
militär skyddsvakt/soldat,militär skyddsvakt/soldat
f.d. tågmästare,f.d. tågmästare
ålberga,ålberga
potatisodlare,potatisodlare
audionom,audionom
koordinator ronneby,koordinator ronneby
rengsjö,rengsjö
begravningsentreprenör ronneby,begravningsentreprenör ronneby
vedevåg,vedevåg
kapten,kapten
mjölkproducent,bonde
el- och instrumentkonstruktör,el- och instrumentkonstruktör
undersköterska/företagare,undersköterska/företagare
elektronikmontör,elektronikmontör
tving,tving
fd ekonomiassistent,fd ekonomiassistent
kursutvecklare,kursutvecklare
långaryd,långaryd
säkerhetsinformatör,säkerhetsinformatör
datakonsult,datakonsult
lärare/företagare,lärare/företagare
inköpschef,chef
fd biståndshandläggare,fd biståndshandläggare
limbacka,limbacka
åled,åled
glanshammar,glanshammar
stallarholmen,stallarholmen
bua,bua
konditor,konditor
omsorgshandledare,omsorgshandledare
kostekonom,kostekonom
verksamhetsutvecklarer karlshamn,verksamhetsutvecklarer karlshamn
driftsmaskinist,driftsmaskinist
pensionerad målare,pensionär
redovisningsassistent oxlaby,redovisningsassistent oxlaby
fd.stadsdirektör karlshamn,fd.stadsdirektör karlshamn
hara,hara
sölve,sölve
gripenberg,gripenberg
golfbanearbetare,golfbanearbetare
partiombudsman emeritus,partiombudsman emeritus
aggerud,aggerud
kyrkhult,kyrkhult
strömsbergs bruk,strömsbergs bruk
vagnhärad,vagnhärad
valskog/kungsör,valskog/kungsör
ambulansvårdare,ambulansvårdare
årsunda,årsunda
pumpmaskinist,maskinist
arbetslös,arbetslös
korsberga,korsberga
tandhygienist,tandhygienist
undersöterska,undersöterska
alstermo,alstermo
norrhult,norrhult
resemontör,resemontör
korsordskonstruktör,korsordskonstruktör
verkstadschef,chef
statsarkitekt,statsarkitekt
tjänsteman eu,tjänsteman eu
teknologie doktor karlshamn,teknologie doktor karlshamn
industrielektriker,elektriker
kundansvarig gruppledare,kundansvarig gruppledare
föreningskoordinator,föreningskoordinator
undersköterska/entreprenör,undersköterska/entreprenör
mottagningssamordnare,mottagningssamordnare
biträdande driftschef,biträdande driftschef
f.d. verksamhetschef,f.d. verksamhetschef
åtorp,åtorp
ceremonimästare,ceremonimästare
professor em.,professor
skogsentreprenör,skogsentreprenör
agronomie doktor,agronomie doktor
studerar statsvetenskap,studerar statsvetenskap
vallsta,vallsta
pensionär makrilla,pensionär makrilla
it,it
f.d. planeringsingejör,f.d. planeringsingejör
belganet,belganet
utbildningskonsulent,utbildningskonsulent
norje,norje
ränneslöv,ränneslöv
yrkesmilitär,yrkesmilitär
lärare/samordnare,lärare/samordnare
reservofficer flottan ronneby,reservofficer flottan ronneby
fredriksdal,fredriksdal
högskoleadjunkt  karlshamn,högskoleadjunkt  karlshamn
barnsjuksköterska,barnsjuksköterska
flygledare,flygledare
älvsered,älvsered
forskningsassistent,forskningsassistent
habiliteringspersonal,habiliteringsassistent
f.d. adjunkt,militär
trönö,trönö
byggföretagare,byggföretagare
fd.chefssjuksköterska,fd.chefssjuksköterska
länsveterinär,länsveterinär
pensionär samhällsarbetare,pensionär samhällsarbetare
karlsham,karlsham
bitr. generalsekreterare,bitr. generalsekreterare
flisby,flisby
ekonom/barnskötare,ekonom/barnskötare
utbildningshandläggare,utbildningshandläggare
projektkoordinator lrf,projektkoordinator lrf
rydö,rydö
kolsva,kolsva
johannishus,johannishus
kolbäck/hallstahammar,kolbäck/hallstahammar
kasamark,kasamark
f.d. metallarbetare,arbetare
f.d. narkossjuksköterska,f.d. narkossjuksköterska
traryd,traryd
tröinge,tröinge
mjölkbonde,bonde
f.d. brandman,f.d. brandman
assisterande psykolog ronneby,assisterande psykolog ronneby
skultuna,skultuna
f.d journalist,f.d journalist
stöde,stöde
boendecoach,boendecoach
sörfors,sörfors
hr & marknadsföringschef,hr & marknadsföringschef
klöverträsk,klöverträsk
fil. kand. biologi,fil. kand. biologi
leg. sjuksköterska och tandläkare,leg. sjuksköterska och tandläkare
integrationshandledare,integrationsassistent
områdeschef äldreomsorg,chef
ungsekreterare,ungsekreterare
hydrogeolog,hydrogeolog
handledare psykiatri,handledare psykiatri
brottsutredare,brottsutredare
älby,älby
sandsjöfors,sandsjöfors
grimslöv,grimslöv
affärs- och verksamhetsutvecklare,affärs- och verksamhetsutvecklare
luthagen,luthagen
facklig organisatör,facklig organisatör
älmeboda,älmeboda
senior/förvaltningschef,senior/förvaltningschef
enåsa,enåsa
söderhamn/mo,söderhamn/mo
gumboda,gumboda
tullmästare,tullmästare
pensionär/f d teknikinformatör,pensionär/f d teknikinformatör
gis-samordnare,gis-samordnare
ingenjör/företagare,ingenjör/företagare
egetföretagare,egetföretagare
vederslöv,vederslöv
gällö,gällö
högsbohöjd,högsbohöjd
övergran,övergran
arbrå,arbrå
holmön,holmön
gemla,gemla
styckmästare,styckmästare
familjehem,familjehem
meteorolog,meteorolog
jägmästare/egenföretagare,jägmästare/egenföretagare
lammhult,lammhult
personalplanerare,personalplanerare
hålabo,hålabo
f.d. it-manager,f.d. it-manager
bagare,bagare
civilingengör,civilingenjör
forsheda,forsheda
barsele,barsele
regionråd/jurist,regionråd/jurist
bilskadereparatör,bilskadereparatör
naturhälsopedagog,naturhälsopedagog
fastighetsarbetare,fastighetsarbetare
ambassadör,ambassadör
tekniskt säljstöd,tekniskt säljstöd
läkemedelstekniker,läkemedelstekniker
beredskapsstrateg,beredskapsstrateg
högboda,högboda
häggeby,häggeby
f.d. egen företagare/säljare,f.d. egen företagare/säljare
undersköterska/ssk-student,undersköterska/ssk-student
f.d. inköpare,f.d. inköpare
kraddsele,kraddsele
sjukskriven,sjukskriven
virkesmästare,virkesmästare
socialchef/leg sjukgymnast,socialchef/leg sjukgymnast
språkombud/undersköterska,språkombud/undersköterska
tullspecialist,tullspecialist
trafikinspektör,trafikinspektör
hästskötare,hästskötare
studie- & yrkesvägledare,studie- & yrkesvägledare
soldatshemsföreståndare,soldatshemsföreståndare
distriktssjuksköterska,sjuksköterska
huddungeby,huddungeby
dr statsvetenskap,dr statsvetenskap
skyttorp,skyttorp
granö,granö
bergarbetare,arbetare
fd köpman,köpman
erikslid,erikslid
skogsbonde,skogsbrukare
maskinentreprenör,maskinentreprenör
ramstalund,ramstalund
processkötare,processkötare
product compliance specialist,product compliance specialist
pensionerad brottsofffersamordnare,pensionerad brottsofffersamordnare
hallen,hallen
pensionär/f d distriktssköterska,pensionär/f d distriktssköterska
moröhöjden,moröhöjden
arméofficer,arméofficer
bräcke,bräcke
f d vårdlärare,f d vårdlärare
demenssjuksköterska,demenssjuksköterska
godsvagnsreparatör,godsvagnsreparatör
regionsassistent,regionsassistent
f d egenföretagare,f d egenföretagare
visingsö,visingsö
bitr hotellchef,bitr hotellchef
blaiken,blaiken
pensionerad skötare,pensionerad skötare
butiksarbetare,butiksbiträde
public affairs och kommunikationsansvarig,public affairs och kommunikationsansvarig
hånger,hånger
mörhult,mörhult
leg. läkare/doktorand,leg. läkare/doktorand
bruzaholm,bruzaholm
norrskedika,norrskedika
systemkonsult,systemkonsult
pensionär/pastor,pensionär/pastor
it-säkerhetskonsult,it-säkerhetskonsult
fd rektor fhs,fd rektor fhs
sunnaryd,sunnaryd
bankrådgivare,bankir
tomtebo,tomtebo
ungdomskonsulent,ungdomskonsulent
kittelfjäll,kittelfjäll
kaskeluokt,kaskeluokt
biträdande professor,biträdande professor
resurslärare,resurspedagog
nye,nye
bottnaryd,bottnaryd
studerande apotekarprogrammet,studerande apotekarprogrammet
fd kvalitetschef,fd kvalitetschef
alkohol-/drogbehandlare,alkohol-/drogbehandlare
fd generalsekreterare,fd generalsekreterare
församlingshede/präst,församlingshede/präst
duved,duved
funbo,funbo
god man/förvaltare,god man/förvaltare
silviasyster,undersköterska
östra falmark,östra falmark
höreda,höreda
junsele,junsele
bälaryd,bälaryd
terminalarbetare,arbetare
röbäck,röbäck
industri tekniker,industri tekniker
regionfullmäktige,regionfullmäktige
universitetslektor/övertandläkare,universitetslektor/övertandläkare
sångpedagog,sångpedagog
barnsjuksöterska,barnsjuksöterska
f d specialpedagog,f d specialpedagog
aktivitetsledare,aktivitetsledare
anneberg,anneberg
gymnasieelev,gymnasieelev
fritidssamordnare,fritidssamordnare
vendel,vendel
verkstadssnickare,verkstadssnickare
klutmark,klutmark
villstad,villstad
villvattnet/burträsk,villvattnet/burträsk
boviksbadet,boviksbadet
efs präst,efs präst
krusenberg,krusenberg
fd flygvapenofficer,fd flygvapenofficer
ormaryd,ormaryd
timvikarie lss,timvikarie lss
f.d. säljare,säljare
bergsbyn,bergsbyn
kommunalråd/lantmästare,kommunalråd/lantmästare
norrfjärden,norrfjärden
stensnäs,stensnäs
kvalitetsingenjör,kvalitetstekniker
gatuköksinnehavare,gatuköksinnehavare
sävja,sävja
ragvaldsträsk,ragvaldsträsk
arbetsmiljöexpert,arbetsmiljöexpert
broaryd,broaryd
bygginformatör,bygginformatör
aktiveringsledare,aktiveringsledare
mörsil,mörsil
miljöjurist,miljöjurist
f.d. försäkringsförmedlare,f.d. försäkringsförmedlare
stadssekreterare,stadssekreterare
pensionerad lektor,pensionerad lektor
it manager,it manager
mobacken,mobacken
väse,väse
lommaryd,lommaryd
sjöman,sjöman
fd läkare,fd läkare
kock och mjölkproducent,kock och mjölkproducent
utvecklingshandledare,utvecklingshandledare
patentkonsult,patentkonsult
ordförande,ordförande
förbundsordförande kdu,förbundsordförande
korskrogen,korskrogen
givarpsvägen,givarpsvägen
redovisn.ass.,redovisn.ass.
hargshamn,hargshamn
f.d. fastighetsmäklare,f.d. fastighetsmäklare
bashult,bashult
kvalitetssamordnare,kvalitetssamordnare
livsnjutare,livsnjutare
f.d. plåtslagare,f.d. plåtslagare
ungdomsassistent,ungdomsassistent
teknisk projektledare,teknisk projektledare
materialinköpare,materialinköpare
hörnsjö,hörnsjö
företagare/f.d. landstingsråd,företagare/f.d. landstingsråd
kommunikatör/programansvarig,kommunikatör/programansvarig
åryd,åryd
örträsk,örträsk
vitberget,vitberget
bäckaby,bäckaby
vd - assistent,vd - assistent
rasbokil,rasbokil
nyland,nyland
kassör,kassör
arbetsledare it,arbetsledare it
öjersjö,öjersjö
älandsbro,älandsbro
lidhult,lidhult
torrböle,torrböle
vd/senior advisor,vd/senior advisor
kontorsassistent,kontorsassistent
pensionerad folkhögskolelärare,pensionerad folkhögskolelärare
säkerhetsingenjör,säkerhetsingenjör
miljöarbetare,miljöanalytiker
ankarsund,ankarsund
at-läkare,at-läkare
fromheden,fromheden
hamra,hamra
ekshärad,ekshärad
dikanäs,dikanäs
metalarbetare,metalarbetare
metallindustriarbetare,metallindustriarbetare
ransta,ransta
farstorp,farstorp
migr.handl,migr.handl
dala-järna,dala-järna
hällbergssvedjan,hällbergssvedjan
fd åkeriägare,åkeriägare
mjukvarutestare,mjukvarutestare
fd kommunchef,fd kommunchef
f.d. förskolechef,f.d. förskolechef
fd. officer,militär
mobiltekniker,mobiltekniker
körpedagog,körpedagog
landsbro,landsbro
arkivassistent,arkivassistent
bitr. verksamhetschef,bitr. verksamhetschef
myndighetschef,myndighetschef
politiskt sekreterare,politiskt sekreterare
kock/undersköterska,kock/undersköterska
örviken,örviken
yrkesarbetare,yrkesarbetare
husbondliden,husbondliden
gargnäs,gargnäs
fil. dr. nationalekonomi,fil. dr. nationalekonomi
barnundersköterska,barnundersköterska
alfta,alfta
inredare,inredare
samordnare/lärare,samordnare/lärare
kärrsvägen,kärrsvägen
finnfors,finnfors
svarttjärn,svarttjärn
tandläkare (pensionär),tandläkare (pensionär)
pens personlig assistent,pens personlig assistent
sälj- och projektledare,sälj- och projektledare
präst i sv. kyrkan,präst i sv. kyrkan
guide,guide
rivare,rivare
äldrepedagog,äldrepedagog
skiftsledare,skiftsledare
f.d. konsult,f.d. konsult
f.d. marknadsförare,f.d. marknadsförare
norra sandsjö,norra sandsjö
bartender,bartender
företagare/statsvetare,företagare/statsvetare
statssekreterare,statssekreterare
produktutvecklare,produktutvecklare
tågmontör,tågmontör
veckholm,veckholm
västra björkdal,västra björkdal
förpackningstekniker,förpackningstekniker
fd. sjuksköterska,fd. sjuksköterska
oviken,oviken
fd läkarsekreterare,fd läkarsekreterare
kulturarbetare/oppositionsråd,kulturarbetare/oppositionsråd
morgongåva,morgongåva
vårdenhetschef,vårdenhetschef
fd företagare,egenföretagare
fil. dr./civilingenjör,fil. dr./civilingenjör
projektkonsult,projektkonsult
domkyrkoklockare,domkyrkoklockare
administrativ handläggare,administrativ handläggare
säkerhetsansvarig,säkerhetsrådgivare
handläggare på lo,handläggare på lo
master i statskunskap,master i statskunskap
billackerare,bilmekaniker
teknisk konsult,teknisk konsult
automationstekniker,automationstekniker
fd porslinstryckare,fd porslinstryckare
musikant,musikant
sparreholm,sparreholm
näsby,näsby
kamrer,kamrer
tvärålund,tvärålund
industristaden,industristaden
veteran,veteran
kyltekniker,kyltekniker
brattsbacka,brattsbacka
kvarnåsen,kvarnåsen
pensionerad metallarbetare,pensionär
gruppledare i landstinget,gruppledare i landstinget
skarvsjöby,skarvsjöby
aktiv senior,aktiv senior
täfteå,täfteå
västerlid,västerlid
f.d. sjukvårdsbiträde,f.d. sjukvårdsbiträde
projektingenjör,projektingenjör
deje,deje
husby-rekarne,husby-rekarne
f d. kyrkojurist,f d. kyrkojurist
f d kontorschef,f d kontorschef
direktor,direktor
besiktingman,besiktingman
björksele,björksele
behandlare,behandlare
lekeryd,lekeryd
it-konsult/egenföretagare,it-konsult/egenföretagare
ammarnäs,ammarnäs
förtidspensionär,förtidspensionär
köksbiträde,köksbiträde
riksingenjör,riksingenjör
pensionerad personlig assistent,pensionerad personlig assistent
litslena,litslena
grimsmark,grimsmark
f d teaterarbetare,f d teaterarbetare
jur. stud.,jur. stud.
